Id_paciente,nome_peciente,Idade_paciente,sexo_paciente,peso_paciente,tipo_sanguíneo_paciente,fator_rh,primeira_doação,última_doação,esta_saudável_hoje?,tatuagem_ultimos_12_meses,status_aptidao,motivo_inaptidao,data_proxima_doação_permitida,cpf_paciente,data_nascimento_paciente,telefone_paciente,email_paciente,endereço_paciente,carteirinha_do_convenio_paciente,convênio_paciente,SUS_paciente,nome_instituição,cnpj_hemocentro,endereço_hemocentro,horario_atendimento,telefone_atendimento,id_hemocentro,id_estoque,id_hemocentro,tipo_sanguineo,quantidade_de_bolsas,nivel_alerta_estoque,id_solicitação,id_hemocentro,tipo_sanguineo_necessario,meta_bolsas,bolsas_recebidas,data_limite,status_campanha,id_agendamento,id_paciente,id_hemocentro,id_solicitacao,data_hora,status_agendamento,status_aptidao,motivo_inapitdao,data_proxima_doacao_permitida,data_cadastro
1,Ana Beatriz Oliveira,23,F,60,A+,A+,não,30,sim,sim,Inapto,Intervalo e tatuagem recente,-,10000000001,15/07/2000,(00) 90000-0001,paciente001@exemplo.com,"Rua Exemplo, 101 - Centro",1,Unimed,123456789012345,Hemocentro Central,10000000000001,"Rua das Acácias, 101 - Centro",07:00 às 18:00,(44) 3000-0001,1,101,1,A+,25,Normal,1,1,A+,40,40,15/09/2026,Encerrada,1,12,3,12,10/09/2026 08:00,Agendado,Apto,,09/11/2026,05/11/2026 09:14
2,Lucas Gabriel Santos,17,M,64,O+,O+,sim,-,não,não,Inapto,Inaptidão clínica,-,10000000002,15/07/2003,(00) 90000-0002,paciente002@exemplo.com,"Rua das Acácias, 202 - Jardim Primavera",2,Amil,234567890123456,Hemocentro Regional Norte,10000000000002,"Avenida Brasil, 215 - Centro",08:00 às 17:00,(44) 3000-0002,2,102,2,O+,40,Normal,2,2,A+,50,50,20/09/2026,Ativa,2,7,7,7,10/09/2026 09:30,Agendado,Apto,,09/11/2026,06/11/2026 14:32
3,Mariana Vitória Silva,30,F,55,B+,B+,não,130,sim,não,Apto,-,-,10000000003,15/07/1986,(00) 90000-0003,paciente003@exemplo.com,"Avenida Modelo, 303 - Jardim das Flores",3,Bradesco Saúde,345678901234567,Hemocentro Regional Sul,10000000000003,"Rua Paraná, 330 - Jardim América",07:30 às 18:00,(44) 3000-0003,3,103,3,B+,18,Atenção,3,3,A+,60,60,25/09/2026,Encerrada,3,25,2,,11/09/2026 10:00,Cancelado,Inapto,Pressão arterial inadequada,10/11/2026,07/11/2026 10:47
4,João Pedro Almeida,25,F,65,O-,O-,não,45,sim,não,Inapto,Intervalo insuficiente,-,10000000004,15/07/1969,(00) 90000-0004,paciente004@exemplo.com,"Rua dos Ipês, 404 - Vila Nova",4,SulAmérica,456789012345678,Hemocentro Municipal,10000000000004,"Avenida das Palmeiras, 442 - Vila Nova",08:00 às 18:00,(44) 3000-0004,4,104,4,O-,32,Normal,4,4,A+,45,45,30/09/2026,Ativa,4,3,11,25,11/09/2026 13:30,Agendado,Apto,,10/12/2026,03/12/2026 16:05
5,Isabela Cristina Souza,41,M,70,AB+,AB+,não,150,sim,não,Apto,-,-,10000000005,15/07/1960,(00) 90000-0005,paciente005@exemplo.com,"Rua Projetada, 505 - Centro",5,NotreDame Intermédica,567890123456789,Hemocentro Estadual,10000000000005,"Rua São Paulo, 518 - Centro",07:00 às 17:00,(44) 3000-0005,5,105,5,AB+,55,Crítico,5,5,A+,70,70,05/10/2026,Encerrada,5,18,5,3,12/09/2026 08:30,Agendado,Apto,,11/11/2026,06/11/2026 08:41
6,Gabriel Henrique Costa,16,F,48,O+,O+,sim,-,sim,não,Inapto,Peso abaixo do mínimo,-,10000000006,15/07/2002,(00) 90000-0006,paciente006@exemplo.com,"Avenida das Palmeiras, 606 - Jardim América",6,Hapvida,678901234567890,Hemocentro Central,10000000000006,"Avenida Independência, 623 - Jardim Europa",07:30 às 17:30,(44) 3000-0006,6,106,6,A-,21,Normal,6,6,A+,55,55,10/10/2026,Ativa,6,41,1,18,12/09/2026 14:00,Agendado,Apto,,11/12/2026,05/12/2026 13:26
7,Laura Fernanda Pereira,25,M,72,B+,B+,sim,-,não,sim,Inapto,Inaptidão clínica e tatuagem,-,10000000007,15/07/2004,(00) 90000-0007,paciente007@exemplo.com,"Rua Horizonte, 707 - Vila Esperança",7,Porto Seguro Saúde,789012345678901,Hemocentro Regional Norte,10000000000007,"Rua das Flores, 704 - Centro",08:00 às 16:00,(44) 3000-0007,7,107,7,B-,47,Atenção,7,7,A+,80,80,15/10/2026,Encerrada,7,9,9,,14/09/2026 09:00,Agendado,Apto,,13/11/2026,09/11/2026 11:18
8,Matheus Eduardo Rodrigues,48,F,68,AB+,AB+,não,190,sim,não,Apto,-,-,10000000008,15/07/2006,(00) 90000-0008,paciente008@exemplo.com,"Rua do Sol, 808 - Jardim Europa",8,Care Plus,890123456789012,Hemocentro Regional Sul,10000000000008,"Avenida Tiradentes, 815 - Vila Industrial",07:00 às 18:00,(44) 3000-0008,8,108,8,AB-,30,Normal,8,8,A+,50,50,20/10/2026,Ativa,8,32,4,41,14/09/2026 15:30,Cancelado,Inapto, Sintomas gripais recentes,13/11/2026,10/11/2026 15:43
9,Sophia Martins Ferreira,89,F,65,O-,O-,sim,-,sim,não,Inapto,Idade acima do limite,-,10000000009,15/07/1958,(00) 90000-0009,paciente009@exemplo.com,"Avenida Central, 909 - Centro",9,Omint,901234567890123,Hemocentro Municipal,10000000000009,"Rua Rio de Janeiro, 926 - Centro",08:30 às 17:30,(44) 3000-0009,9,109,9,O+,62,Normal,9,9,A+,65,65,25/10/2026,Encerrada,9,15,13,9,15/09/2026 08:00,Agendado,Apto,,14/12/2026,08/12/2026 09:52
10,Pedro Lucas Carvalho,32,F,56,O-,O-,não,50,não,não,Inapto,Inaptidão clínica e intervalo,-,10000000010,15/07/1967,(00) 90000-0010,paciente010@exemplo.com,"Rua Bela Vista, 110 - Jardim Aurora",10,MedSênior,112345678901234,Hemocentro Estadual,10000000000010,"Avenida Getúlio Vargas, 1037 - Jardim Primavera",07:30 às 18:00,(44) 3000-0010,10,110,10,A+,15,Crítico,10,10,A+,75,75,31/10/2026,Ativa,10,6,6,32,15/09/2026 11:00,Agendado,Apto,,14/11/2026,11/11/2026 14:17
11,Manuela Gabriela Alves,56,M,69,AB-,AB-,não,80,não,não,Inapto,Inaptidão clínica,-,10000000011,15/07/1989,(00) 90000-0011,paciente011@exemplo.com,"Rua das Estrelas, 121 - Vila Nova",11,Unimed,223456789012345,Hemocentro Central,10000000000011,"Rua dos Ipês, 1148 - Centro",08:00 às 17:00,(44) 3000-0011,11,111,11,B+,38,Atenção,11,1,O+,60,60,05/11/2026,Encerrada,11,27,8,,16/09/2026 09:30,Agendado,Apto,,15/11/2026,12/11/2026 10:06
12,Rafael Augusto Lima,34,M,98,A+,A+,sim,-,sim,sim,Inapto,Tatuagem recente,-,10000000012,15/07/1989,(00) 90000-0012,paciente012@exemplo.com,"Avenida Brasil, 132 - Jardim Primavera",12,Amil,334567890123456,Hemocentro Regional Norte,10000000000012,"Avenida Paraná, 1259 - Vila Operária",07:00 às 16:00,(44) 3000-0012,12,112,12,O+,44,Normal,12,2,O+,45,45,10/11/2026,Ativa,12,44,2,15,16/09/2026 14:30,Agendado,Apto,,15/12/2026,10/12/2026 16:21
13,Helena Maria Gomes,49,F,58,O+,O+,não,45,não,não,Inapto,Inaptidão clínica e intervalo,-,10000000013,15/07/2001,(00) 90000-0013,paciente013@exemplo.com,"Rua das Flores, 143 - Centro",13,Bradesco Saúde,445678901234567,Hemocentro Regional Sul,10000000000013,"Rua Minas Gerais, 1360 - Centro",07:30 às 17:00,(44) 3000-0013,13,113,13,A-,27,Normal,13,3,O+,70,70,15/11/2026,Encerrada,13,2,14,6,17/09/2026 08:30,Cancelado,Inapto,Baixa hemoglobina,16/12/2026,11/12/2026 09:38
14,Miguel Antônio Ribeiro,18,M,64,B-,B-,sim,-,não,não,Inapto,Inaptidão clínica,-,10000000014,15/07/1986,(00) 90000-0014,paciente014@exemplo.com,"Rua Projetada, 154 - Jardim América",14,SulAmérica,556789012345678,Hemocentro Municipal,10000000000014,"Avenida Santos Dumont, 1471 - Jardim Brasil",08:00 às 18:00,(44) 3000-0014,14,114,14,O-,51,Atenção,14,4,O+,55,55,20/11/2026,Ativa,14,19,5,27,17/09/2026 10:30,Agendado,Apto,,16/11/2026,12/11/2026 13:54
15,Valentina Castro,28,M,67,A+,A+,sim,-,não,não,Inapto,Inaptidão clínica,-,10000000015,15/07/1982,(00) 90000-0015,paciente015@exemplo.com,"Avenida Modelo, 165 - Vila Esperança",15,NotreDame Intermédica,667890123456789,Hemocentro Estadual,10000000000015,"Rua Goiás, 1582 - Centro",07:00 às 17:30,(44) 3000-0015,15,115,15,AB+,19,Crítico,15,5,O+,80,80,25/11/2026,Encerrada,15,35,10,,18/09/2026 13:00,Agendado,Apto,,17/12/2026,14/12/2026 11:27
16,Gustavo Henrique Barbosa,45,F,49,O-,O-,não,37,sim,não,Inapto,Peso e intervalo insuficientes,-,10000000016,15/07/1974,(00) 90000-0016,paciente016@exemplo.com,"Rua do Lago, 176 - Jardim Europa",16,Hapvida,778901234567890,Hemocentro Central,10000000000016,"Avenida das Nações, 1693 - Vila Esperança",08:30 às 18:00,(44) 3000-0016,16,116,16,B-,36,Normal,16,6,O+,65,65,30/11/2026,Ativa,16,8,3,44,18/09/2026 15:00,Agendado,Apto,,17/11/2026,14/11/2026 08:56
17,Alice Vitória Martins,15,F,55,AB+,AB+,sim,-,sim,não,Inapto,Idade abaixo do permitido,-,10000000017,15/07/1974,(00) 90000-0017,paciente017@exemplo.com,"Rua Horizonte, 187 - Centro",17,Porto Seguro Saúde,889012345678901,Hemocentro Regional Norte,10000000000017,"Rua Pernambuco, 1704 - Centro",07:30 às 16:30,(44) 3000-0017,17,117,17,A+,70,Normal,17,7,O+,50,50,05/12/2026,Encerrada,17,23,12,2,19/09/2026 08:00,Agendado,Apto,,18/12/2026,15/12/2026 15:12
18,Enzo Gabriel Teixeira,19,M,46,A+,A+,não,90,não,sim,Inapto,"Peso, saúde e tatuagem",-,10000000018,15/07/2000,(00) 90000-0018,paciente018@exemplo.com,"Avenida das Palmeiras, 198 - Jardim Aurora",18,Care Plus,990123456789012,Hemocentro Regional Sul,10000000000018,"Avenida Presidente Vargas, 1815 - Jardim América",08:00 às 17:30,(44) 3000-0018,18,118,18,O+,24,Atenção,18,8,O+,75,75,10/12/2026,Ativa,18,47,7,19,21/09/2026 09:00,Agendado,Apto,,20/11/2026,16/11/2026 10:35
19,Julia Beatriz Moreira,35,F,58,A+,A+,não,48,sim,não,Inapto,Intervalo insuficiente,-,10000000019,15/07/1983,(00) 90000-0019,paciente019@exemplo.com,"Rua dos Ipês, 209 - Vila Nova",19,Omint,102345678901234,Hemocentro Municipal,10000000000019,"Rua Bahia, 1926 - Centro",07:00 às 18:00,(44) 3000-0019,19,119,19,B+,43,Normal,19,9,O+,60,60,15/12/2026,Encerrada,19,14,1,,21/09/2026 11:30,Cancelado,Inapto, Uso temporário de medicamento,20/11/2026,17/11/2026 14:48
20,Arthur Felipe Nascimento,42,M,62,AB-,AB-,não,65,sim,não,Apto,-,-,10000000020,15/07/1993,(00) 90000-0020,paciente020@exemplo.com,"Rua Exemplo, 220 - Jardim Primavera",20,MedSênior,213456789012345,Hemocentro Estadual,10000000000020,"Avenida São João, 2037 - Vila Nova",07:30 às 18:00,(44) 3000-0020,20,120,20,O-,31,Crítico,20,10,O+,90,90,20/12/2026,Ativa,20,31,9,35,22/09/2026 14:00,Agendado,Apto,,21/12/2026,18/12/2026 09:23
21,Clara Eduarda Mendes,47,M,85,B+,B+,sim,-,não,não,Inapto,Inaptidão clínica,-,10000000021,15/07/1986,(00) 90000-0021,paciente021@exemplo.com,"Avenida Central, 231 - Centro",21,Unimed,324567890123456,Hemocentro Central,10000000000021,"Rua das Orquídeas, 2148 - Centro",08:00 às 16:30,(44) 3000-0021,21,121,21,AB-,58,Normal,21,1,AB+,70,70,25/12/2026,Encerrada,21,5,4,8,22/09/2026 15:30,Agendado,Apto,,21/12/2026,18/12/2026 13:41
22,Bernardo Henrique Freitas,20,M,90,A+,A+,sim,-,sim,sim,Inapto,Tatuagem recente,-,10000000022,15/07/1961,(00) 90000-0022,paciente022@exemplo.com,"Rua Bela Vista, 242 - Jardim América",22,Amil,435678901234567,Hemocentro Regional Norte,10000000000022,"Avenida Independência, 2259 - Jardim Europa",07:00 às 17:00,(44) 3000-0022,22,122,22,A-,22,Atenção,22,2,AB+,55,55,31/12/2026,Ativa,22,38,15,23,23/09/2026 08:30,Agendado,Apto,,22/12/2026,19/12/2026 16:17
23,Luiza Helena Correia,56,F,84,AB+,AB+,não,100,sim,não,Apto,-,-,10000000023,15/07/1972,(00) 90000-0023,paciente023@exemplo.com,"Rua das Acácias, 253 - Vila Esperança",23,Bradesco Saúde,546789012345678,Hemocentro Regional Sul,10000000000023,"Rua Santa Catarina, 2360 - Centro",08:30 às 17:00,(44) 3000-0023,23,123,23,O+,49,Normal,23,3,AB+,80,80,10/01/2027,Encerrada,23,21,6,,23/09/2026 10:00,Agendado,Apto,,22/11/2026,18/11/2026 11:05
24,Davi Lucas Cardoso,43,F,75,O-,O-,não,60,sim,não,Inapto,Intervalo insuficiente,-,10000000024,15/07/1976,(00) 90000-0024,paciente024@exemplo.com,"Rua do Sol, 264 - Jardim Europa",24,SulAmérica,657890123456789,Hemocentro Municipal,10000000000024,"Avenida Brasil, 2471 - Vila Industrial",07:30 às 17:30,(44) 3000-0024,24,124,24,B+,35,Normal,24,4,AB+,65,65,15/01/2027,Ativa,24,10,11,47,24/09/2026 13:30,Cancelado,Inapto,Período de recuperação após procedimento odontológico,23/12/2026,20/12/2026 08:34
25,Maria Eduarda Ramos,17,M,64,A+,A+,não,25,não,não,Inapto,Inaptidão clínica e intervalo,-,10000000025,15/07/1997,(00) 90000-0025,paciente025@exemplo.com,"Avenida Modelo, 275 - Centro",25,NotreDame Intermédica,768901234567890,Hemocentro Estadual,10000000000025,"Rua dos Lírios, 2582 - Centro",08:00 às 18:00,(44) 3000-0025,25,125,25,A+,16,Crítico,25,5,AB+,50,50,20/01/2027,Encerrada,25,29,2,14,24/09/2026 14:30,Agendado,Apto,,23/12/2026,20/12/2026 14:26
26,Samuel Augusto Vieira,27,F,85,A+,A+,sim,-,sim,não,Apto,-,-,10000000026,15/07/2004,(00) 90000-0026,paciente026@exemplo.com,"Rua Projetada, 286 - Jardim Aurora",26,Hapvida,879012345678901,Hemocentro Central,10000000000026,"Avenida Paraná, 2693 - Jardim Primavera",07:00 às 16:00,(44) 3000-0026,26,126,26,AB+,64,Atenção,26,6,AB+,75,75,25/01/2027,Ativa,26,16,8,31,25/09/2026 09:00,Agendado,Apto,,24/12/2026,21/12/2026 10:51
27,Cecilia Fernanda Dias,21,F,70,A+,A+,não,73,não,sim,Inapto,"Intervalo, saúde e tatuagem",-,10000000027,15/07/2005,(00) 90000-0027,paciente027@exemplo.com,"Rua das Estrelas, 297 - Vila Nova",27,Porto Seguro Saúde,980123456789012,Hemocentro Regional Norte,10000000000027,"Rua Ceará, 2704 - Centro",07:30 às 18:00,(44) 3000-0027,27,127,27,O-,28,Normal,27,7,AB+,60,60,31/01/2027,Encerrada,27,42,13,,25/09/2026 11:00,Agendado,Apto,,24/11/2026,20/11/2026 15:08
28,Heitor Gabriel Monteiro,33,F,65,AB-,AB-,não,90,sim,não,Apto,-,-,10000000028,15/07/1961,(00) 90000-0028,paciente028@exemplo.com,"Rua do Lago, 308 - Jardim Primavera",28,Care Plus,192345678901234,Hemocentro Regional Sul,10000000000028,"Avenida Tiradentes, 2815 - Vila Operária",08:00 às 17:00,(44) 3000-0028,28,128,28,B-,45,Normal,28,8,AB+,85,85,05/02/2027,Ativa,28,4,5,5,26/09/2026 08:00,Agendado,Apto,,25/12/2026,22/12/2026 09:46
29,Beatriz Carolina Araújo,46,M,73,B-,,não,75,não,não,Inapto,Inaptidão clínica,-,10000000029,15/07/1985,(00) 90000-0029,paciente029@exemplo.com,"Avenida Brasil, 319 - Centro",29,Omint,203456789012345,Hemocentro Municipal,10000000000029,"Rua dos Girassóis, 2926 - Centro",07:00 às 17:30,(44) 3000-0029,29,129,29,A-,53,Atenção,29,9,AB+,70,70,10/02/2027,Encerrada,29,34,10,38,28/09/2026 10:30,Cancelado,Inapto,Pressão arterial inadequada,27/11/2026,23/11/2026 13:19
30,Nicolas Eduardo Rocha,88,M,62,A+,,não,89,sim,não,Inapto,Idade acima do limite,-,10000000030,15/07/2004,(00) 90000-0030,paciente030@exemplo.com,"Rua Horizonte, 330 - Jardim América",30,MedSênior,314567890123456,Hemocentro Estadual,10000000000030,"Avenida Getúlio Vargas, 3037 - Jardim Brasil",08:30 às 18:00,(44) 3000-0030,30,130,30,O+,20,Crítico,30,10,AB+,55,55,15/02/2027,Ativa,30,11,3,,28/09/2026 15:00,Agendado,Apto,,27/12/2026,24/12/2026 11:32
31,Larissa Vitória Campos,54,F,64,B+,,sim,-,sim,não,Apto,-,-,10000000031,15/07/1977,(00) 90000-0031,paciente031@exemplo.com,"Rua Exemplo, 341 - Vila Esperança",31,Unimed,425678901234567,Hemocentro Central,10000000000031,"Rua Espírito Santo, 3148 - Centro",07:30 às 17:00,(44) 3000-0031,31,131,31,AB-,37,Normal,31,1,O+,80,80,20/02/2027,Encerrada,31,26,7,21,29/09/2026 08:30,Agendado,Apto,,28/12/2026,25/12/2026 16:42
32,Felipe Augusto Moraes,22,F,47,O-,,sim,-,sim,não,Inapto,Peso abaixo do mínimo,-,10000000032,15/07/1966,(00) 90000-0032,paciente032@exemplo.com,"Avenida das Palmeiras, 352 - Jardim Europa",32,Amil,536789012345678,Hemocentro Regional Norte,10000000000032,"Avenida das Palmeiras, 3259 - Vila Esperança",08:00 às 16:00,(44) 3000-0032,32,132,32,B+,41,Atenção,32,2,O+,65,65,25/02/2027,Ativa,32,45,14,10,29/09/2026 09:30,Agendado,Apto,,28/11/2026,24/11/2026 08:27
33,Amanda Gabriela Duarte,19,F,45,A+,,não,190,sim,não,Inapto,Peso abaixo do mínimo,-,10000000033,15/07/1957,(00) 90000-0033,paciente033@exemplo.com,"Rua dos Ipês, 363 - Centro",33,Bradesco Saúde,647890123456789,Hemocentro Regional Sul,10000000000033,"Rua dos Jasmins, 3360 - Centro",07:00 às 18:00,(44) 3000-0033,33,133,33,O+,68,Normal,33,3,O+,50,50,28/02/2027,Encerrada,33,17,1,29,30/09/2026 13:00,Agendado,Apto,,29/12/2026,26/12/2026 14:03
34,Henrique Matheus Batista,34,F,53,AB+,,não,35,não,sim,Inapto,"Intervalo, saúde e tatuagem",-,10000000034,15/07/1983,(00) 90000-0034,paciente034@exemplo.com,"Rua das Flores, 374 - Jardim Aurora",34,SulAmérica,758901234567890,Hemocentro Municipal,10000000000034,"Avenida Santos Dumont, 3471 - Jardim América",07:30 às 18:00,(44) 3000-0034,34,134,34,A+,26,Normal,34,4,O+,90,90,05/03/2027,Ativa,34,30,9,,30/09/2026 14:00,Agendado,Apto,,29/12/2026,26/12/2026 10:14
35,Yasmin Oliveira,67,M,58,O-,,sim,-,sim,não,Inapto,Primeira doação após 60,-,10000000035,15/07/1985,(00) 90000-0035,paciente035@exemplo.com,"Avenida Central, 385 - Vila Nova",35,NotreDame Intermédica,869012345678901,Hemocentro Estadual,10000000000035,"Rua Mato Grosso, 3582 - Centro",08:00 às 17:30,(44) 3000-0035,35,135,35,O-,33,Crítico,35,5,O+,75,75,10/03/2027,Encerrada,35,1,6,16,01/10/2026 08:00,Cancelado,Inapto,Sintomas gripais recentes,30/12/2026,27/12/2026 15:37
36,Leonardo Henrique Farias,74,F,65,O-,,não,100,sim,não,Inapto,Idade acima do limite,-,10000000036,15/07/1992,(00) 90000-0036,paciente036@exemplo.com,"Rua Bela Vista, 396 - Jardim Primavera",36,Hapvida,970123456789012,Hemocentro Central,10000000000036,"Avenida das Nações, 3693 - Vila Nova",07:00 às 17:00,(44) 3000-0036,36,136,36,B-,57,Normal,36,6,O+,60,60,15/03/2027,Ativa,36,39,12,42,01/10/2026 10:00,Agendado,Apto,,30/11/2026,26/11/2026 09:58
37,Sophia Gabriela Melo,29,M,87,B-,,não,120,sim,não,Apto,-,-,10000000037,15/07/2004,(00) 90000-0037,paciente037@exemplo.com,"Rua das Acácias, 407 - Centro",37,Porto Seguro Saúde,182345678901234,Hemocentro Regional Norte,10000000000037,"Rua das Magnólias, 3704 - Centro",08:30 às 17:30,(44) 3000-0037,37,137,37,AB+,14,Atenção,37,7,O+,85,85,20/03/2027,Encerrada,37,22,4,,02/10/2026 11:30,Agendado,Apto,,1/12/2026,28/11/2026 13:45
38,Daniel Augusto Pinto,30,M,46,A+,,não,45,sim,não,Inapto,Peso e intervalo insuficientes,-,10000000038,15/07/1969,(00) 90000-0038,paciente038@exemplo.com,"Rua do Sol, 418 - Jardim América",38,Care Plus,293456789012345,Hemocentro Regional Sul,10000000000038,"Avenida São João, 3815 - Jardim Europa",07:30 às 16:30,(44) 3000-0038,38,138,38,A-,46,Normal,38,8,O+,70,70,25/03/2027,Ativa,38,13,11,4,02/10/2026 15:30,Agendado,Apto,,1/12/2026,28/11/2026 11:21
39,Isadora Fernanda Reis,46,F,57,AB+,,não,30,não,sim,Inapto,"Intervalo, saúde e tatuagem",-,10000000039,15/07/2003,(00) 90000-0039,paciente039@exemplo.com,"Avenida Modelo, 429 - Vila Esperança",39,Omint,304567890123456,Hemocentro Municipal,10000000000039,"Rua Rio Grande do Sul, 3926 - Centro",08:00 às 18:00,(44) 3000-0039,39,139,39,O+,39,Crítico,39,9,O+,55,55,31/03/2027,Encerrada,39,48,2,34,03/10/2026 09:00,Agendado,Apto,,02/12/2026,29/11/2026 16:09
40,Thiago Lucas Neves,59,F,60,A+,,sim,-,sim,não,Apto,-,-,10000000040,15/07/1979,(00) 90000-0040,paciente040@exemplo.com,"Rua Projetada, 440 - Jardim Europa",40,MedSênior,415678901234567,Hemocentro Estadual,10000000000040,"Avenida Presidente Vargas, 4037 - Vila Industrial",07:00 às 17:30,(44) 3000-0040,40,140,40,B+,52,Normal,40,10,O+,80,80,05/04/2027,Ativa,40,28,8,11,05/10/2026 13:30,Cancelado,Inapto, Baixa hemoglobina,03/01/2027,29/12/2026 08:52
41,Camila Beatriz Sales,16,F,68,A+,,sim,-,não,não,Inapto,Inaptidão clínica,-,10000000041,15/07/1972,(00) 90000-0041,paciente041@exemplo.com,"Rua do Lago, 451 - Centro",41,Unimed,526789012345678,Hemocentro Central,10000000000041,"Rua das Hortênsias, 4148 - Centro",07:30 às 18:00,(44) 3000-0041,41,141,41,AB-,29,Atenção,41,1,O-,65,65,10/04/2027,Encerrada,41,7,15,,05/10/2026 14:30,Agendado,Apto,,04/12/2026,01/12/2026 14:38
42,Vitor Hugo Martins,26,M,74,B+,,não,25,sim,sim,Inapto,Intervalo e tatuagem recente,-,10000000042,15/07/1989,(00) 90000-0042,paciente042@exemplo.com,"Rua das Estrelas, 462 - Jardim Aurora",42,Amil,637890123456789,Hemocentro Regional Norte,10000000000042,"Avenida Brasil, 4259 - Jardim Primavera",08:00 às 17:00,(44) 3000-0042,42,142,42,O-,61,Normal,42,2,O-,50,50,15/04/2027,Ativa,42,36,5,26,06/10/2026 08:30,Agendado,Apto,,05/12/2026,02/12/2026 10:27
43,Ana Clara Fernandes,44,F,86,O-,,sim,-,não,não,Inapto,Inaptidão clínica,-,10000000043,15/07/1998,(00) 90000-0043,paciente043@exemplo.com,"Avenida Brasil, 473 - Vila Nova",43,Bradesco Saúde,748901234567890,Hemocentro Regional Sul,10000000000043,"Rua Amazonas, 4360 - Centro",07:00 às 16:30,(44) 3000-0043,43,143,43,A+,23,Normal,43,3,O-,75,75,20/04/2027,Encerrada,43,20,10,45,06/10/2026 10:30,Agendado,Apto,,04/01/2027,01/01/2027 15:16
44,Bruno Henrique Lopes,78,M,90,A+,,não,130,sim,não,Inapto,Idade acima do limite,-,10000000044,15/07/1958,(00) 90000-0044,paciente044@exemplo.com,"Rua Horizonte, 484 - Jardim Primavera",44,SulAmérica,859012345678901,Hemocentro Municipal,10000000000044,"Avenida Paraná, 4471 - Vila Operária",08:30 às 17:00,(44) 3000-0044,44,144,44,B-,48,Crítico,44,4,O-,90,90,25/04/2027,Ativa,44,43,3,,07/10/2026 15:00,Agendado,Apto,,06/12/2026,03/12/2026 09:31
45,Leticia Maria Tavares,18,F,78,A+,,não,92,sim,não,Apto,-,-,10000000045,15/07/1969,(00) 90000-0045,paciente045@exemplo.com,"Rua Exemplo, 495 - Centro",45,NotreDame Intermédica,960123456789012,Hemocentro Estadual,10000000000045,"Rua das Rosas, 4582 - Centro",07:30 às 17:30,(44) 3000-0045,45,145,45,O+,34,Atenção,45,5,O-,60,60,30/04/2027,Encerrada,45,9,7,17,08/10/2026 09:00,Agendado,Apto,,07/12/2026,04/12/2026 13:07
46,Guilherme Augusto Nunes,23,F,65,A+,,não,85,sim,sim,Inapto,Intervalo e tatuagem recente,-,10000000046,15/07/1970,(00) 90000-0046,paciente046@exemplo.com,"Avenida das Palmeiras, 506 - Jardim América",46,Hapvida,172345678901234,Hemocentro Central,10000000000046,"Avenida Independência, 4693 - Jardim Brasil",08:00 às 18:00,(44) 3000-0046,46,146,46,AB+,17,Normal,46,6,O-,85,85,05/05/2027,Ativa,46,24,13,30,08/10/2026 11:00,Cancelado,Inapto,Uso temporário de medicamento,06/01/2027,04/01/2027 11:44
47,Marina Vitória Correia,34,M,55,AB-,,sim,-,sim,não,Apto,-,-,10000000047,15/07/1974,(00) 90000-0047,paciente047@exemplo.com,"Rua dos Ipês, 517 - Vila Esperança",47,Porto Seguro Saúde,283456789012345,Hemocentro Regional Norte,10000000000047,"Rua Alagoas, 4704 - Centro",07:00 às 17:00,(44) 3000-0047,47,147,47,A-,56,Normal,47,7,O-,70,70,10/05/2027,Encerrada,47,33,1,1,09/10/2026 08:00,Agendado,Apto,,07/01/2027,05/01/2027 08:19
48,Diego Gabriel Peixoto,45,M,54,A+,,sim,-,não,não,Inapto,Inaptidão clínica,-,10000000048,15/07/1975,(00) 90000-0048,paciente048@exemplo.com,"Rua das Flores, 528 - Jardim Europa",48,Care Plus,394567890123456,Hemocentro Regional Sul,10000000000048,"Avenida Tiradentes, 4815 - Vila Esperança",07:30 às 18:00,(44) 3000-0048,48,148,48,O-,42,Atenção,48,8,O-,55,55,15/05/2027,Ativa,48,15,9,,09/10/2026 14:00,Agendado,Apto,,07/01/2027,05/01/2027 16:28
49,Carolina Mendes,57,M,74,B+,,não,45,não,não,Inapto,Inaptidão clínica e intervalo,-,10000000049,15/07/1992,(00) 90000-0049,paciente049@exemplo.com,"Avenida Central, 539 - Centro",49,Omint,405678901234567,Hemocentro Municipal,10000000000049,"Rua dos Cravos, 4926 - Centro",08:00 às 16:00,(44) 3000-0049,49,149,49,B+,30,Crítico,49,9,O-,80,80,20/05/2027,Encerrada,49,6,6,39,10/10/2026 10:00,Agendado,Apto,,09/12/2026,06/12/2026 10:53
50,Eduardo Henrique Rezende,21,F,85,O-,,não,100,sim,sim,Inapto,Tatuagem recente,-,10000000050,15/07/1975,(00) 90000-0050,paciente050@exemplo.com,"Rua Bela Vista, 550 - Jardim Aurora",50,MedSênior,516789012345678,Hemocentro Estadual,10000000000050,"Avenida Getúlio Vargas, 5037 - Jardim América",08:30 às 17:30,(44) 3000-0050,50,150,50,A+,65,Normal,50,10,O-,65,65,25/05/2027,Ativa,50,40,14,22,13/10/2026 13:30,Agendado,Apto,,11/01/2027,08/01/2027 14:11
51,Bianca Fernanda Siqueira,36,M,53,A+,,sim,-,sim,não,Apto,-,-,10000000051,15/07/2006,(00) 90000-0051,paciente051@exemplo.com,"Rua das Acácias, 561 - Vila Nova",51,Unimed,627890123456789,Hemocentro Central,10000000000051,"Rua Sergipe, 5148 - Centro",07:00 às 18:00,(44) 3000-0051,51,151,51,AB-,21,Atenção,51,1,AB+,90,90,31/05/2027,Encerrada,51,18,4,,14/10/2026 08:30,Agendado,Apto,,13/12/2026,10/12/2026 09:42
52,Caio Gabriel Borges,43,F,58,A+,,não,72,sim,não,Inapto,Intervalo insuficiente,-,10000000052,15/07/1993,(00) 90000-0052,paciente052@exemplo.com,"Rua do Sol, 572 - Jardim Primavera",52,Amil,738901234567890,Hemocentro Regional Norte,10000000000052,"Avenida das Palmeiras, 5259 - Vila Nova",07:30 às 17:00,(44) 3000-0052,52,152,52,O+,50,Normal,52,2,AB+,75,75,05/06/2027,Ativa,52,27,12,13,14/10/2026 09:30,Cancelado,Inapto,Pressão arterial inadequada,12/01/2027,09/01/2027 13:35
53,Natalia Cristina Ramos,24,M,60,B+,,sim,-,sim,não,Apto,-,-,10000000053,15/07/1995,(00) 90000-0053,paciente053@exemplo.com,"Avenida Modelo, 583 - Centro",53,Bradesco Saúde,849012345678901,Hemocentro Regional Sul,10000000000053,"Rua das Violetas, 5360 - Centro",08:00 às 17:30,(44) 3000-0053,53,153,53,B-,36,Crítico,53,3,AB+,60,60,10/06/2027,Encerrada,53,12,2,48,15/10/2026 11:00,Agendado,Apto,,13/01/2027,10/01/2027 15:24
54,André Luiz Carvalho,48,F,65,A+,,não,30,sim,não,Inapto,Intervalo insuficiente,-,10000000054,15/07/1987,(00) 90000-0054,paciente054@exemplo.com,"Rua Projetada, 594 - Jardim América",54,SulAmérica,950123456789012,Hemocentro Municipal,10000000000054,"Avenida Santos Dumont, 5471 - Jardim Europa",07:00 às 16:00,(44) 3000-0054,54,154,54,A-,27,Normal,54,4,AB+,85,85,15/06/2027,Ativa,54,35,8,28,15/10/2026 15:30,Agendado,Apto,,14/12/2026,11/12/2026 11:16
55,Melissa Vitória Andrade,79,M,80,A+,,não,90,sim,não,Inapto,Idade acima do limite,-,10000000055,15/07/1987,(00) 90000-0055,paciente055@exemplo.com,"Rua do Lago, 605 - Vila Esperança",55,NotreDame Intermédica,162345678901234,Hemocentro Estadual,10000000000055,"Rua Maranhão, 5582 - Centro",08:30 às 18:00,(44) 3000-0055,55,155,55,O-,59,Normal,55,5,AB+,70,70,20/06/2027,Encerrada,55,3,11,,16/10/2026 08:00,Agendado,Apto,,15/12/2026,12/12/2026 08:47
56,João Victor Moreira,40,F,85,A+,,não,65,não,não,Inapto,Inaptidão clínica e intervalo,-,10000000056,15/07/1980,(00) 90000-0056,paciente056@exemplo.com,"Rua das Estrelas, 616 - Jardim Europa",56,Hapvida,273456789012345,Hemocentro Central,10000000000056,"Avenida das Nações, 5693 - Vila Industrial",07:30 às 18:00,(44) 3000-0056,56,156,56,AB+,18,Atenção,56,6,AB+,50,50,25/06/2027,Ativa,56,46,5,7,17/10/2026 10:30,Cancelado,Inapto,Período de recuperação após procedimento odontológico,16/12/2026,13/12/2026 14:52
57,Gabriela Fernanda Lopes,22,F,74,B+,,sim,95,não,sim,Inapto,Inaptidão clínica e tatuagem,-,10000000057,15/07/1994,(00) 90000-0057,paciente057@exemplo.com,"Avenida Brasil, 627 - Centro",57,Porto Seguro Saúde,384567890123456,Hemocentro Regional Norte,10000000000057,"Rua das Tulipas, 5704 - Centro",08:00 às 17:00,(44) 3000-0057,57,157,57,O+,44,Crítico,57,7,AB+,80,80,30/06/2027,Encerrada,57,21,15,36,19/10/2026 14:00,Agendado,Apto,,17/01/2027,15/01/2027 10:08
58,Murilo Henrique Dias,36,M,65,A+,,sim,-,sim,não,Apto,-,-,10000000058,15/07/1969,(00) 90000-0058,paciente058@exemplo.com,"Rua Horizonte, 638 - Jardim Aurora",58,Care Plus,495678901234567,Hemocentro Regional Sul,10000000000058,"Avenida São João, 5815 - Jardim Primavera",07:00 às 17:30,(44) 3000-0058,58,158,58,A+,31,Normal,58,8,AB+,65,65,05/07/2027,Ativa,58,8,3,,20/10/2026 09:00,Agendado,Apto,,18/01/2027,16/01/2027 13:27
59,Livia Maria Teixeira,19,M,55,O-,,não,125,sim,sim,Inapto,Tatuagem recente,-,10000000059,15/07/1986,(00) 90000-0059,paciente059@exemplo.com,"Rua Exemplo, 649 - Vila Nova",59,Omint,506789012345678,Hemocentro Municipal,10000000000059,"Rua Piauí, 5926 - Centro",07:30 às 16:30,(44) 3000-0059,59,159,59,B+,67,Atenção,59,9,AB+,95,95,10/07/2027,Encerrada,59,31,10,20,20/10/2026 13:00,Agendado,Apto,,18/01/2027,15/01/2027 16:36
60,Rodrigo Augusto Vieira,56,F,47,AB+,,não,100,sim,não,Inapto,Peso abaixo do mínimo,-,10000000060,15/07/1997,(00) 90000-0060,paciente060@exemplo.com,"Avenida das Palmeiras, 660 - Jardim Primavera",60,MedSênior,617890123456789,Hemocentro Estadual,10000000000060,"Avenida Presidente Vargas, 6037 - Vila Operária",08:00 às 18:00,(44) 3000-0060,60,160,60,AB-,25,Normal,60,10,AB+,75,75,15/07/2027,Ativa,60,14,7,43,21/10/2026 08:30,Agendado,Apto,,19/01/2027,16/01/2027 09:55
61,Nicole Beatriz Martins,68,F,92,A-,,sim,-,não,não,Inapto,Idade e inaptidão clínica,-,10000000061,15/07/2005,(00) 90000-0061,paciente061@exemplo.com,"Rua dos Ipês, 671 - Centro",61,Unimed,728901234567890,Hemocentro Central,10000000000061,"Rua das Bromélias, 6148 - Centro",07:00 às 17:00,(44) 3000-0061,61,161,61,O-,40,Normal,61,1,AB+,60,60,20/07/2027,Encerrada,61,42,1,9,22/10/2026 11:30,Cancelado,Inapto,Sintomas gripais recentes,21/12/2026,18/12/2026 11:39
62,Vinicius Gabriel Costa,21,M,69,O-,,não,52,sim,sim,Inapto,Intervalo e tatuagem recente,-,10000000062,15/07/1963,(00) 90000-0062,paciente062@exemplo.com,"Rua das Flores, 682 - Jardim América",62,Amil,839012345678901,Hemocentro Regional Norte,10000000000062,"Avenida Brasil, 6259 - Jardim Brasil",08:30 às 17:30,(44) 3000-0062,62,162,62,A-,54,Crítico,62,2,AB+,85,85,25/07/2027,Ativa,62,25,13,,22/10/2026 15:00,Agendado,Apto,,20/01/2027,18/01/2027 14:06
63,Emanuela Vitória Souza,39,M,78,B-,,não,130,sim,não,Apto,-,-,10000000063,15/07/1970,(00) 90000-0063,paciente063@exemplo.com,"Avenida Central, 693 - Vila Esperança",63,Bradesco Saúde,940123456789012,Hemocentro Regional Sul,10000000000063,"Rua Paraíba, 6360 - Centro",07:30 às 18:00,(44) 3000-0063,63,163,63,B-,22,Atenção,63,3,AB+,70,70,31/07/2027,Encerrada,63,5,6,24,23/10/2026 09:30,Agendado,Apto,,22/12/2026,20/12/2026 08:25
64,Arthur Henrique Lima,48,F,64,AB-,,não,40,sim,não,Inapto,Intervalo insuficiente,-,10000000064,15/07/1990,(00) 90000-0064,paciente064@exemplo.com,"Rua Bela Vista, 704 - Jardim Europa",64,SulAmérica,152345678901234,Hemocentro Municipal,10000000000064,"Avenida Paraná, 6471 - Vila Esperança",08:00 às 16:30,(44) 3000-0064,64,164,64,O+,47,Normal,64,4,AB+,55,55,05/08/2027,Ativa,64,37,9,33,24/10/2026 14:30,Agendado,Apto,,22/01/2027,20/01/2027 15:48
65,Sabrina Cristina Alves,18,M,56,A+,,sim,-,sim,sim,Inapto,Tatuagem recente,-,10000000065,15/07/1957,(00) 90000-0065,paciente065@exemplo.com,"Rua das Acácias, 715 - Centro",65,NotreDame Intermédica,263456789012345,Hemocentro Estadual,10000000000065,"Rua das Camélias, 6582 - Centro",07:00 às 18:00,(44) 3000-0065,65,165,65,AB+,35,Normal,65,5,AB+,90,90,10/08/2027,Encerrada,65,19,4,,26/10/2026 08:00,Agendado,Apto,,24/01/2027,22/01/2027 10:31
66,Lucca Gabriel Pereira,27,M,74,A+,,sim,-,sim,não,Apto,-,-,10000000066,15/07/2008,(00) 90000-0066,paciente066@exemplo.com,"Rua do Sol, 726 - Jardim Aurora",66,Hapvida,374567890123456,Hemocentro Central,10000000000066,"Avenida Independência, 6693 - Jardim América",07:30 às 17:30,(44) 3000-0066,66,166,66,A+,63,Atenção,66,6,AB+,65,65,15/08/2027,Ativa,66,29,14,15,27/10/2026 10:00,Agendado,Apto,,25/01/2027,22/01/2027 13:14
67,Ana Julia Rodrigues,33,F,68,O-,,não,80,não,não,Inapto,Inaptidão clínica e intervalo,-,10000000067,15/07/1974,(00) 90000-0067,paciente067@exemplo.com,"Avenida Modelo, 737 - Vila Nova",67,Porto Seguro Saúde,485678901234567,Hemocentro Regional Norte,10000000000067,"Rua Rio Grande do Norte, 6704 - Centro",08:00 às 17:00,(44) 3000-0067,67,167,67,O-,19,Crítico,67,7,AB+,80,80,20/08/2027,Encerrada,67,10,2,,27/10/2026 13:30,Cancelado,Inapto,Baixa hemoglobina,25/01/2027,23/01/2027 16:02
68,Mateus Felipe Barbosa,78,F,55,A-,,não,140,não,não,Inapto,Idade e inaptidão clínica,-,10000000068,15/07/1989,(00) 90000-0068,paciente068@exemplo.com,"Rua Projetada, 748 - Jardim Primavera",68,Care Plus,596789012345678,Hemocentro Regional Sul,10000000000068,"Avenida Tiradentes, 6815 - Vila Nova",07:00 às 16:00,(44) 3000-0068,68,168,68,B+,51,Normal,68,8,AB+,50,50,25/08/2027,Ativa,68,44,12,6,28/10/2026 15:30,Agendado,Apto,,27/12/2026,24/12/2026 09:17
69,Lorena Fernanda Castro,19,M,69,B-,,sim,-,sim,não,Apto,-,-,10000000069,15/07/1980,(00) 90000-0069,paciente069@exemplo.com,"Rua do Lago, 759 - Centro",69,Omint,607890123456789,Hemocentro Municipal,10000000000069,"Rua dos Lírios, 6926 - Centro",08:30 às 18:00,(44) 3000-0069,69,169,69,A-,28,Atenção,69,9,AB+,75,75,31/08/2027,Encerrada,69,16,8,40,29/10/2026 09:00,Agendado,Apto,,27/01/2027,25/01/2027 14:43
70,Ruan Augusto Oliveira,22,F,58,B+,,sim,-,não,sim,Inapto,Inaptidão clínica e tatuagem,-,10000000070,15/07/1978,(00) 90000-0070,paciente070@exemplo.com,"Rua das Estrelas, 770 - Jardim América",70,MedSênior,718901234567890,Hemocentro Estadual,10000000000070,"Avenida Getúlio Vargas, 7037 - Jardim Europa",07:30 às 17:00,(44) 3000-0070,70,170,70,AB-,45,Normal,70,10,AB+,85,85,05/09/2027,Ativa,70,32,5,,30/10/2026 11:00,Agendado,Apto,,28/01/2027,26/01/2027 11:28
71,Mariana Alice Mendes,27,M,94,AB+,,não,190,sim,não,Apto,-,-,10000000071,15/07/1966,(00) 90000-0071,paciente071@exemplo.com,"Avenida Brasil, 781 - Vila Esperança",71,Unimed,829012345678901,Hemocentro Central,10000000000071,"Rua Paraíba, 7148 - Centro",08:00 às 17:30,(44) 3000-0071,71,171,71,O+,32,Crítico,71,1,B-,60,60,10/09/2027,Encerrada,71,2,11,18,31/10/2026 08:30,Agendado,Apto,,30/12/2026,28/12/2026 15:19
72,Gustavo Lucas Ferreira,39,F,67,O+,,não,100,sim,não,Apto,-,-,10000000072,15/07/1960,(00) 90000-0072,paciente072@exemplo.com,"Rua Horizonte, 792 - Jardim Europa",72,Amil,930123456789012,Hemocentro Regional Norte,10000000000072,"Avenida das Palmeiras, 7259 - Vila Industrial",07:00 às 18:00,(44) 3000-0072,72,172,72,B-,60,Normal,72,2,B-,95,95,15/09/2027,Ativa,72,23,3,27,03/11/2026 14:00,Cancelado,Inapto,Uso temporário de medicamento,2/1/2027,30/12/2026 08:36
73,Brenda Vitória Santos,21,M,54,O-,,não,35,sim,não,Inapto,Intervalo insuficiente,-,10000000073,15/07/1963,(00) 90000-0073,paciente073@exemplo.com,"Rua Exemplo, 803 - Centro",73,Bradesco Saúde,142345678901234,Hemocentro Regional Sul,10000000000073,"Rua das Acácias, 7360 - Centro",07:30 às 16:30,(44) 3000-0073,73,173,73,A+,24,Normal,73,3,B-,70,70,20/09/2027,Encerrada,73,41,15,12,04/11/2026 09:30,Agendado,Apto,,02/02/2027,30/01/2027 13:52
74,Diego Henrique Almeida,56,F,43,A-,,não,60,não,não,Inapto,"Peso, intervalo e saúde",-,10000000074,15/07/1963,(00) 90000-0074,paciente074@exemplo.com,"Avenida das Palmeiras, 814 - Jardim Aurora",74,SulAmérica,253456789012345,Hemocentro Municipal,10000000000074,"Avenida Santos Dumont, 7471 - Jardim Primavera",08:00 às 17:00,(44) 3000-0074,74,174,74,O-,38,Atenção,74,4,B-,55,55,25/09/2027,Ativa,74,11,7,,05/11/2026 13:00,Agendado,Apto,,03/02/2027,31/01/2027 10:24
75,Clara Beatriz Ribeiro,37,M,50,O-,,sim,-,sim,não,Apto,-,-,10000000075,15/07/1975,(00) 90000-0075,paciente075@exemplo.com,"Rua dos Ipês, 825 - Vila Nova",75,NotreDame Intermédica,364567890123456,Hemocentro Estadual,10000000000075,"Rua Pernambuco, 7582 - Centro",08:30 às 17:30,(44) 3000-0075,75,175,75,AB+,56,Crítico,75,5,B-,80,80,30/09/2027,Encerrada,75,28,10,35,06/11/2026 08:00,Agendado,Apto,,05/01/2027,02/01/2027 16:14
76,Pablo Gabriel Nascimento,58,F,42,O+,,não,90,não,não,Inapto,Peso e inaptidão clínica,-,10000000076,15/07/1997,(00) 90000-0076,paciente076@exemplo.com,"Rua das Flores, 836 - Jardim Primavera",76,Hapvida,475678901234567,Hemocentro Central,10000000000076,"Avenida das Nações, 7693 - Vila Operária",07:00 às 17:30,(44) 3000-0076,76,176,76,B+,16,Normal,76,6,B-,65,65,05/10/2027,Ativa,76,34,1,,07/11/2026 10:30,Agendado,Apto,,06/01/2027,04/01/2027 09:49
77,Elisa Fernanda Cardoso,23,M,60,O+,,sim,-,sim,sim,Inapto,Tatuagem recente,-,10000000077,15/07/1964,(00) 90000-0077,paciente077@exemplo.com,"Avenida Central, 847 - Centro",77,Porto Seguro Saúde,586789012345678,Hemocentro Regional Norte,10000000000077,"Rua das Orquídeas, 7704 - Centro",07:30 às 18:00,(44) 3000-0077,77,177,77,A-,49,Atenção,77,7,B-,90,90,10/10/2027,Encerrada,77,17,6,3,09/11/2026 15:00,Agendado,Apto,,07/02/2027,05/02/2027 14:21
78,Rafael Lucas Rocha,45,F,116,A+,,não,15,sim,sim,Inapto,Intervalo e tatuagem recente,-,10000000078,15/07/1977,(00) 90000-0078,paciente078@exemplo.com,"Rua Bela Vista, 858 - Jardim América",78,Care Plus,697890123456789,Hemocentro Regional Sul,10000000000078,"Avenida São João, 7815 - Jardim Brasil",08:00 às 16:00,(44) 3000-0078,78,178,78,O+,33,Normal,78,8,B-,75,75,15/10/2027,Ativa,78,6,13,46,10/11/2026 09:00,Cancelado,Inapto, Pressão arterial inadequada,9/1/2027,06/01/2027 11:07
79,Maitê Cristina Duarte,16,M,63,A-,,sim,-,sim,não,Apto,-,-,10000000079,15/07/1980,(00) 90000-0079,paciente079@exemplo.com,"Rua das Acácias, 869 - Vila Esperança",79,Omint,708901234567890,Hemocentro Municipal,10000000000079,"Rua Goiás, 7926 - Centro",07:00 às 18:00,(44) 3000-0079,79,179,79,AB-,70,Normal,79,9,B-,60,60,20/10/2027,Encerrada,79,38,4,,11/11/2026 11:30,Agendado,Apto,,09/02/2027,07/02/2027 08:58
80,João Gabriel Farias,34,F,74,O-,,não,30,sim,não,Inapto,Intervalo insuficiente,-,10000000080,15/07/1970,(00) 90000-0080,paciente080@exemplo.com,"Rua do Sol, 880 - Jardim Europa",80,MedSênior,819012345678901,Hemocentro Estadual,10000000000080,"Avenida Presidente Vargas, 8037 - Vila Esperança",08:30 às 17:00,(44) 3000-0080,80,180,80,B-,27,Crítico,80,10,B-,85,85,25/10/2027,Ativa,80,20,9,21,12/11/2026 14:30,Agendado,Apto,,10/02/2027,08/02/2027 15:33
81,Valéria Vitória Gomes,21,M,55,AB+,,não,40,não,não,Inapto,Inaptidão clínica e intervalo,-,10000000081,15/07/2006,(00) 90000-0081,paciente081@exemplo.com,"Avenida Modelo, 891 - Centro",81,Unimed,920123456789012,Hemocentro Central,10000000000081,"Rua das Rosas, 8148 - Centro",07:30 às 17:30,(44) 3000-0081,81,181,81,A+,43,Atenção,81,1,B+,70,70,31/10/2027,Encerrada,81,45,2,8,13/11/2026 08:30,Agendado,Apto,,11/02/2027,09/02/2027 10:42
82,Pedro Henrique Monteiro,17,M,110,A-,,sim,-,sim,não,Apto,-,-,10000000082,15/07/1980,(00) 90000-0082,paciente082@exemplo.com,"Rua Projetada, 902 - Jardim Aurora",82,Amil,132345678901234,Hemocentro Regional Norte,10000000000082,"Avenida Brasil, 8259 - Jardim América",08:00 às 18:00,(44) 3000-0082,82,182,82,O-,21,Normal,82,2,B+,50,50,05/11/2027,Ativa,82,13,14,,14/11/2026 10:00,Agendado,Apto,,13/01/2027,10/01/2027 13:18
83,Alana Beatriz Freitas,35,F,85,B-,,não,90,sim,sim,Inapto,Tatuagem recente,-,10000000083,15/07/1964,(00) 90000-0083,paciente083@exemplo.com,"Rua do Lago, 913 - Vila Nova",83,Bradesco Saúde,243456789012345,Hemocentro Regional Sul,10000000000083,"Rua Minas Gerais, 8360 - Centro",07:00 às 17:00,(44) 3000-0083,83,183,83,B+,58,Crítico,83,3,B+,80,80,10/11/2027,Encerrada,83,30,5,31,16/11/2026 13:30,,Inapto,Sintomas gripais recentes,14/2/2027,12/02/2027 09:26
84,Lucas Felipe Araújo,82,M,69,A-,,não,60,sim,não,Inapto,Idade acima do limite,-,10000000084,15/07/1959,(00) 90000-0084,paciente084@exemplo.com,"Rua das Estrelas, 924 - Jardim Primavera",84,SulAmérica,354567890123456,Hemocentro Municipal,10000000000084,"Avenida Paraná, 8471 - Vila Nova",07:30 às 18:00,(44) 3000-0084,84,184,84,AB+,37,Normal,84,4,B+,65,65,15/11/2027,Ativa,84,9,12,14,17/11/2026 15:30,Agendado,Apto,,16/01/2027,13/01/2027 16:07
85,Maria Clara Campos,92,M,67,B+,,não,45,sim,não,Inapto,Idade e intervalo insuficiente,-,10000000085,15/07/1972,(00) 90000-0085,paciente085@exemplo.com,"Avenida Brasil, 935 - Centro",85,NotreDame Intermédica,465678901234567,Hemocentro Estadual,10000000000085,"Rua dos Ipês, 8582 - Centro",08:00 às 17:30,(44) 3000-0085,85,185,85,A-,46,Atenção,85,5,B+,95,95,20/11/2027,Encerrada,85,26,8,42,18/11/2026 09:30,Agendado,Apto,,16/02/2027,13/02/2027 11:51
86,Cauã Gabriel Neves,18,F,76,O-,,não,100,não,não,Inapto,Inaptidão clínica,-,10000000086,15/07/1969,(00) 90000-0086,paciente086@exemplo.com,"Rua Horizonte, 946 - Jardim América",86,Hapvida,576789012345678,Hemocentro Central,10000000000086,"Avenida Independência, 8693 - Jardim Europa",07:00 às 16:30,(44) 3000-0086,86,186,86,O+,29,Normal,86,6,B+,75,75,25/11/2027,Ativa,86,47,3,,19/11/2026 08:00,Agendado,Apto,,17/02/2027,14/02/2027 14:29
87,Isis Fernanda Moraes,33,M,98,O+,,sim,-,sim,sim,Inapto,Tatuagem recente,-,10000000087,15/07/1959,(00) 90000-0087,paciente087@exemplo.com,"Rua Exemplo, 957 - Vila Esperança",87,Porto Seguro Saúde,687890123456789,Hemocentro Regional Norte,10000000000087,"Rua Bahia, 8704 - Centro",08:30 às 18:00,(44) 3000-0087,87,187,87,B-,64,Crítico,87,7,B+,60,60,30/11/2027,Encerrada,87,15,11,25,20/11/2026 11:00,Agendado,Apto,,19/01/2027,16/01/2027 08:43
88,Thiago Henrique Sales,25,F,101,A+,,não,180,não,sim,Inapto,Inaptidão clínica e tatuagem,-,10000000088,15/07/1963,(00) 90000-0088,paciente088@exemplo.com,"Avenida das Palmeiras, 968 - Jardim Europa",88,Care Plus,798901234567890,Hemocentro Regional Sul,10000000000088,"Avenida Tiradentes, 8815 - Vila Industrial",07:30 às 17:00,(44) 3000-0088,88,188,88,AB-,18,Normal,88,8,B+,85,85,05/12/2027,Ativa,88,4,7,,21/11/2026 14:00,Agendado,Apto,,19/02/2027,17/02/2027 13:06
89,Laura Beatriz Tavares,43,M,78,AB+,,não,75,não,não,Inapto,Inaptidão clínica,-,10000000089,15/07/1972,(00) 90000-0089,paciente089@exemplo.com,"Rua dos Ipês, 979 - Centro",89,Omint,809012345678901,Hemocentro Municipal,10000000000089,"Rua das Flores, 8926 - Centro",08:00 às 16:00,(44) 3000-0089,89,189,89,O-,52,Atenção,89,9,B+,70,70,10/12/2027,Encerrada,89,36,15,5,23/11/2026 10:30,Cancelado,Inapto,Baixa hemoglobina,22/01/2027,18/01/2027 10:17
90,Benjamin Augusto Nunes,17,F,63,O-,,não,20,não,não,Inapto,Inaptidão clínica e intervalo,-,10000000090,15/07/1973,(00) 90000-0090,paciente090@exemplo.com,"Rua das Flores, 990 - Jardim Aurora",90,MedSênior,910123456789012,Hemocentro Estadual,10000000000090,"Avenida Getúlio Vargas, 9037 - Jardim Primavera",07:00 às 17:30,(44) 3000-0090,90,190,90,A+,34,Normal,90,10,B+,55,55,15/12/2027,Ativa,90,22,1,37,24/11/2026 13:00,Agendado,Apto,,23/01/2027,19/01/2027 15:41
91,Esther Vitória Peixoto,28,M,59,A+,,sim,-,sim,não,Apto,-,-,10000000091,15/07/1985,(00) 90000-0091,paciente091@exemplo.com,"Avenida Central, 1001 - Vila Nova",91,Unimed,122345678901234,Hemocentro Central,10000000000091,"Rua Ceará, 9148 - Centro",07:30 às 18:00,(44) 3000-0091,91,191,91,B+,41,Normal,91,1,,90,90,20/12/2027,Encerrada,91,43,10,,25/11/2026 09:00,Agendado,Apto,,23/02/2027,21/02/2027 09:34
92,Felipe Gabriel Rezende,67,F,67,O-,,não,48,sim,não,Inapto,Intervalo insuficiente,-,10000000092,15/07/1995,(00) 90000-0092,paciente092@exemplo.com,"Rua Bela Vista, 1012 - Jardim Primavera",92,Amil,233456789012345,Hemocentro Regional Norte,10000000000092,"Avenida das Palmeiras, 9259 - Vila Operária",08:00 às 17:00,(44) 3000-0092,92,192,92,O+,23,Crítico,92,2,,65,65,25/12/2027,Ativa,92,18,6,19,26/11/2026 15:00,Agendado,Apto,,25/01/2027,22/01/2027 14:15
93,Ana Luiza Siqueira,56,M,65,AB-,,sim,-,sim,não,Apto,-,-,10000000093,15/07/1999,(00) 90000-0093,paciente093@exemplo.com,"Rua das Acácias, 1023 - Centro",93,Bradesco Saúde,344567890123456,Hemocentro Regional Sul,10000000000093,"Rua Mato Grosso, 9360 - Centro",08:30 às 17:30,(44) 3000-0093,93,193,93,A-,55,Atenção,93,3,,80,80,31/12/2027,Encerrada,93,7,13,29,27/11/2026 08:30,Agendado,Apto,,25/02/2027,23/02/2027 11:03
94,Carlos Eduardo Borges,34,F,57,A+,,sim,-,sim,não,Apto,-,-,10000000094,15/07/2008,(00) 90000-0094,paciente094@exemplo.com,"Rua do Sol, 1034 - Jardim América",94,SulAmérica,455678901234567,Hemocentro Municipal,10000000000094,"Avenida Santos Dumont, 9471 - Jardim Brasil",07:00 às 18:00,(44) 3000-0094,94,194,94,AB+,30,Normal,94,4,,50,50,10/01/2028,Ativa,94,33,4,10,28/11/2026 11:30,Cancelado,Inapto,,27/01/2027,24/01/2027 16:25
95,Rebeca Fernanda Andrade,21,M,63,A-,,sim,-,não,sim,Inapto,Inaptidão clínica e tatuagem,-,10000000095,15/07/1977,(00) 90000-0095,paciente095@exemplo.com,"Avenida Modelo, 1045 - Vila Esperança",95,NotreDame Intermédica,566789012345678,Hemocentro Estadual,10000000000095,"Rua Amazonas, 9582 - Centro",07:30 às 16:30,(44) 3000-0095,95,195,95,B-,48,Normal,95,5,,75,75,15/01/2028,Encerrada,95,24,9,,30/11/2026 14:30,Agendado,Apto,Uso temporário de medicamento,28/02/2027,25/02/2027 10:49
96,Miguel Lucas Vieira,65,F,56,O-,,não,70,não,não,Inapto,Inaptidão clínica e intervalo,-,10000000096,15/07/1971,(00) 90000-0096,paciente096@exemplo.com,"Rua Projetada, 1056 - Jardim Europa",96,Hapvida,677890123456789,,10000000000096,"Avenida das Nações, 9693 - Vila Esperança",08:00 às 17:30,(44) 3000-0096,96,196,96,O-,66,Atenção,96,6,,85,85,20/01/2028,Ativa,96,12,2,44,01/12/2026 09:30,Agendado,Apto,,31/01/2027,26/01/2027 13:33
97,Júlia Vitória Melo,18,M,50,A+,,não,100,sim,não,Apto,-,-,10000000097,15/07/1973,(00) 90000-0097,paciente097@exemplo.com,"Rua do Lago, 1067 - Centro",97,Porto Seguro Saúde,788901234567890,,10000000000097,"Rua Santa Catarina, 9704 - Centro",07:00 às 17:00,(44) 3000-0097,97,197,97,A+,26,Crítico,97,7,,60,60,,,97,40,14,,,Agendado,Apto,,03/03/2027,27/02/2027 08:51
98,Henrique Gabriel Pinto,17,F,62,AB+,,sim,-,não,sim,Inapto,Inaptidão clínica e tatuagem,-,10000000098,15/07/1999,(00) 90000-0098,paciente098@exemplo.com,"Rua das Estrelas, 1078 - Jardim Aurora",98,,899012345678901,,10000000000098,"Avenida São João, 9815 - Jardim América",```1,(44) 3000-0098,98,198,98,O+,39,Normal,98,8,,95,95,,,98,29,5,16,,Agendado,Apto,,02/02/2027,28/01/2027 15:27