Id_paciente,nome_paciente,Idade_paciente,sexo_paciente,peso_paciente,tipo_sanguíneo_paciente,primeira_doação,última_doação,esta_saudável_hoje?,tatuagem_ultimos_12_meses,status_aptidao,motivo_inaptidao,data_proxima_doação_permitida,cpf_paciente,data_nascimento_paciente,telefone_paciente,email_paciente,endereço_paciente,carteirinha_do_convenio_paciente,convênio_paciente,SUS_paciente,nome_instituição,cnpj_hemocentro,endereço_hemocentro,horario_atendimento,telefone_atendimento,id_hemocentro,id_estoque,id_hemocentro,tipo_sanguineo,quantidade_de_bolsas,nivel_alerta_estoque,benefícios,id_hemocentro,tipo_sanguineo_necessario,meta_bolsas,bolsas_recebidas,id_agendamento,id_paciente,id_hemocentro,id_solicitacao,data_hora,status_agendamento,status_aptidao,motivo_inapitdao,data_proxima_doacao_permitida,data_cadastro
1,Ana Beatriz Oliveira,23,F,60,A+,não,30,sim,sim,Inapto,Intervalo e tatuagem recente,10/09/2027,10000000001,15/07/2003,(00) 90000-0001,paciente001@exemplo.com,"Rua Exemplo, 101 - Centro",1,Unimed,123456789012345,Hemocentro Central,10000000000001,"Rua das Acácias, 101 - Centro",07:00 às 18:00,(44) 3000-0001,1,111,1,A+,42,Normal,ingresso garantido (paga meia),1,O-,80,52,1,1,1,1,10/09/2026 08:00,Cancelado,Inapto,Intervalo e tatuagem recente,10/09/2027,02/09/2026 06:57
2,Lucas Gabriel Santos,17,M,64,O+,sim,-,não,não,Inapto,Inaptidão clínica,10/10/2026,10000000002,15/07/2009,(00) 90000-0002,paciente002@exemplo.com,"Rua das Acácias, 202 - Jardim Primavera",2,Amil,234567890123456,Hemocentro Regional Norte,10000000000002,"Avenida Brasil, 215 - Centro",08:00 às 17:00,(44) 3000-0002,2,127,2,O+,48,Normal,desconto na compra 10%,2,O+,70,61,2,2,2,2,10/09/2026 09:30,Cancelado,Inapto,Inaptidão clínica,10/10/2026,01/09/2026 07:24
3,Mariana Vitória Silva,30,F,55,B+,não,130,sim,não,Apto,-,10/12/2026,10000000003,15/07/1996,(00) 90000-0003,paciente003@exemplo.com,"Avenida Modelo, 303 - Jardim das Flores",3,Bradesco Saúde,345678901234567,Hemocentro Regional Sul,10000000000003,"Rua Paraná, 330 - Jardim América",07:30 às 18:00,(44) 3000-0003,3,133,3,B+,24,Atenção,desconto seguro de vida,3,A+,60,44,3,3,3,3,11/09/2026 10:00,Agendado,Apto,-,10/12/2026,01/09/2026 06:51
4,João Pedro Almeida,25,M,65,O-,não,45,sim,não,Inapto,Intervalo insuficiente,26/09/2026,10000000004,15/07/2001,(00) 90000-0004,paciente004@exemplo.com,"Rua dos Ipês, 404 - Vila Nova",4,SulAmérica,456789012345678,Hemocentro Municipal,10000000000004,"Avenida das Palmeiras, 442 - Vila Nova",08:00 às 18:00,(44) 3000-0004,4,148,4,O-,16,Crítico,desconto na compra 30%,4,AB+,55,38,4,4,4,4,11/09/2026 13:30,Cancelado,Inapto,Intervalo insuficiente,26/09/2026,31/08/2026 09:18
5,Isabela Cristina Souza,41,F,70,AB+,não,150,sim,não,Apto,-,11/12/2026,10000000005,15/07/1985,(00) 90000-0005,paciente005@exemplo.com,"Rua Projetada, 505 - Centro",5,NotreDame Intermédica,567890123456789,Hemocentro Estadual,10000000000005,"Rua São Paulo, 518 - Centro",07:00 às 17:00,(44) 3000-0005,5,155,5,AB+,9,Crítico,desconto na compra 20%,5,B+,65,40,5,5,5,5,12/09/2026 08:30,Agendado,Apto,-,11/12/2026,31/08/2026 03:15
6,Gabriel Henrique Costa,16,M,48,O+,sim,-,sim,não,Inapto,Peso abaixo do mínimo,12/10/2026,10000000006,15/07/2010,(00) 90000-0006,paciente006@exemplo.com,"Avenida das Palmeiras, 606 - Jardim América",6,Hapvida,678901234567890,Hemocentro Central,10000000000001,"Rua das Acácias, 101 - Centro",07:00 às 18:00,(44) 3000-0001,1,117,1,O+,55,Normal,ingresso garantido (paga meia),1,O-,80,52,6,6,1,1,12/09/2026 14:00,Cancelado,Inapto,Peso abaixo do mínimo,12/10/2026,30/08/2026 07:42
7,Laura Fernanda Pereira,25,F,72,B+,sim,-,não,sim,Inapto,Inaptidão clínica e tatuagem,14/09/2027,10000000007,15/07/2001,(00) 90000-0007,paciente007@exemplo.com,"Rua Horizonte, 707 - Vila Esperança",7,Porto Seguro Saúde,789012345678901,Hemocentro Regional Norte,10000000000002,"Avenida Brasil, 215 - Centro",08:00 às 17:00,(44) 3000-0002,2,123,2,B+,31,Atenção,desconto na compra 10%,2,O+,70,61,7,7,2,2,14/09/2026 09:00,Cancelado,Inapto,Inaptidão clínica e tatuagem,14/09/2027,31/08/2026 01:39
8,Matheus Eduardo Rodrigues,48,M,68,AB+,não,190,sim,não,Apto,-,13/11/2026,10000000008,15/07/1978,(00) 90000-0008,paciente008@exemplo.com,"Rua do Sol, 808 - Jardim Europa",8,Care Plus,890123456789012,Hemocentro Regional Sul,10000000000003,"Rua Paraná, 330 - Jardim América",07:30 às 18:00,(44) 3000-0003,3,135,3,AB+,10,Crítico,desconto seguro de vida,3,A+,60,44,8,8,3,3,14/09/2026 15:30,Agendado,Apto,-,13/11/2026,30/08/2026 15:06
9,Sophia Martins Ferreira,89,F,65,O-,sim,-,sim,não,Inapto,Idade acima do limite,-,10000000009,15/07/1937,(00) 90000-0009,paciente009@exemplo.com,"Avenida Central, 909 - Centro",9,Omint,901234567890123,Hemocentro Municipal,10000000000004,"Avenida das Palmeiras, 442 - Vila Nova",08:00 às 18:00,(44) 3000-0004,4,148,4,O-,16,Crítico,desconto na compra 30%,4,AB+,55,38,9,9,4,4,15/09/2026 08:00,Cancelado,Inapto,Idade acima do limite,-,30/08/2026 06:33
10,Pedro Lucas Carvalho,32,M,56,O-,não,50,não,não,Inapto,Inaptidão clínica e intervalo,15/10/2026,10000000010,15/07/1994,(00) 90000-0010,paciente010@exemplo.com,"Rua Bela Vista, 110 - Jardim Aurora",10,MedSênior,112345678901234,Hemocentro Estadual,10000000000005,"Rua São Paulo, 518 - Centro",07:00 às 17:00,(44) 3000-0005,5,158,5,O-,10,Crítico,desconto na compra 20%,5,B+,65,40,10,10,5,5,15/09/2026 11:00,Cancelado,Inapto,Inaptidão clínica e intervalo,15/10/2026,29/08/2026 08:30
11,Manuela Gabriela Alves,56,F,69,AB-,não,80,não,não,Inapto,Inaptidão clínica e intervalo,16/10/2026,10000000011,15/07/1970,(00) 90000-0011,paciente011@exemplo.com,"Rua das Estrelas, 121 - Vila Nova",11,Unimed,223456789012345,Hemocentro Central,10000000000001,"Rua das Acácias, 101 - Centro",07:00 às 18:00,(44) 3000-0001,1,116,1,AB-,9,Crítico,ingresso garantido (paga meia),1,O-,80,52,11,11,1,1,16/09/2026 09:30,Cancelado,Inapto,Inaptidão clínica e intervalo,16/10/2026,29/08/2026 05:57
12,Rafael Augusto Lima,34,M,98,A+,sim,-,sim,sim,Inapto,Tatuagem recente,16/09/2027,10000000012,15/07/1992,(00) 90000-0012,paciente012@exemplo.com,"Avenida Brasil, 132 - Jardim Primavera",12,Amil,334567890123456,Hemocentro Regional Norte,10000000000002,"Avenida Brasil, 215 - Centro",08:00 às 17:00,(44) 3000-0002,2,121,2,A+,36,Normal,desconto na compra 10%,2,O+,70,61,12,12,2,2,16/09/2026 14:30,Cancelado,Inapto,Tatuagem recente,16/09/2027,28/08/2026 09:54
13,Helena Maria Gomes,49,F,58,O+,não,45,não,não,Inapto,Inaptidão clínica e intervalo,01/11/2026,10000000013,15/07/1977,(00) 90000-0013,paciente013@exemplo.com,"Rua das Flores, 143 - Centro",13,Bradesco Saúde,445678901234567,Hemocentro Regional Sul,10000000000003,"Rua Paraná, 330 - Jardim América",07:30 às 18:00,(44) 3000-0003,3,137,3,O+,44,Normal,desconto seguro de vida,3,A+,60,44,13,13,3,3,17/09/2026 08:30,Cancelado,Inapto,Inaptidão clínica e intervalo,01/11/2026,28/08/2026 02:51
14,Miguel Antônio Ribeiro,18,M,64,B-,sim,-,não,não,Inapto,Inaptidão clínica,17/10/2026,10000000014,15/07/2008,(00) 90000-0014,paciente014@exemplo.com,"Rua Projetada, 154 - Jardim América",14,SulAmérica,556789012345678,Hemocentro Municipal,10000000000004,"Avenida das Palmeiras, 442 - Vila Nova",08:00 às 18:00,(44) 3000-0004,4,144,4,B-,15,Crítico,desconto na compra 30%,4,AB+,55,38,14,14,4,4,17/09/2026 10:30,Cancelado,Inapto,Inaptidão clínica,17/10/2026,10/09/2026 03:48
15,Valentina Castro,28,F,67,A+,sim,-,não,não,Inapto,Inaptidão clínica,18/10/2026,10000000015,15/07/1998,(00) 90000-0015,paciente015@exemplo.com,"Avenida Modelo, 165 - Vila Esperança",15,NotreDame Intermédica,667890123456789,Hemocentro Estadual,10000000000005,"Rua São Paulo, 518 - Centro",07:00 às 17:00,(44) 3000-0005,5,151,5,A+,29,Atenção,desconto na compra 20%,5,B+,65,40,15,15,5,5,18/09/2026 13:00,Cancelado,Inapto,Inaptidão clínica,18/10/2026,10/09/2026 05:15
16,Gustavo Henrique Barbosa,45,M,49,O-,não,37,sim,não,Inapto,Peso e intervalo insuficientes,18/10/2026,10000000016,15/07/1981,(00) 90000-0016,paciente016@exemplo.com,"Rua do Lago, 176 - Jardim Europa",16,Hapvida,778901234567890,Hemocentro Central,10000000000001,"Rua das Acácias, 101 - Centro",07:00 às 18:00,(44) 3000-0001,1,118,1,O-,14,Crítico,ingresso garantido (paga meia),1,O-,80,52,16,16,1,1,18/09/2026 15:00,Cancelado,Inapto,Peso e intervalo insuficientes,18/10/2026,09/09/2026 14:12
17,Alice Vitória Martins,15,F,55,AB+,sim,-,sim,não,Inapto,Idade abaixo do permitido,-,10000000017,15/07/2011,(00) 90000-0017,paciente017@exemplo.com,"Rua Horizonte, 187 - Centro",17,Porto Seguro Saúde,889012345678901,Hemocentro Regional Norte,10000000000002,"Avenida Brasil, 215 - Centro",08:00 às 17:00,(44) 3000-0002,2,125,2,AB+,15,Crítico,desconto na compra 10%,2,O+,70,61,17,17,2,2,19/09/2026 08:00,Cancelado,Inapto,Idade abaixo do permitido,-,09/09/2026 06:09
18,Enzo Gabriel Teixeira,19,M,46,A+,não,90,não,sim,Inapto,"Peso, saúde e tatuagem",21/09/2027,10000000018,15/07/2007,(00) 90000-0018,paciente018@exemplo.com,"Avenida das Palmeiras, 198 - Jardim Aurora",18,Care Plus,990123456789012,Hemocentro Regional Sul,10000000000003,"Rua Paraná, 330 - Jardim América",07:30 às 18:00,(44) 3000-0003,3,131,3,A+,40,Normal,desconto seguro de vida,3,A+,60,44,18,18,3,3,21/09/2026 09:00,Cancelado,Inapto,"Peso, saúde e tatuagem",21/09/2027,10/09/2026 06:06
19,Julia Beatriz Moreira,35,F,58,A+,não,48,sim,não,Inapto,Intervalo insuficiente,02/11/2026,10000000019,15/07/1991,(00) 90000-0019,paciente019@exemplo.com,"Rua dos Ipês, 209 - Vila Nova",19,Omint,102345678901234,Hemocentro Municipal,10000000000004,"Avenida das Palmeiras, 442 - Vila Nova",08:00 às 18:00,(44) 3000-0004,4,141,4,A+,33,Atenção,desconto na compra 30%,4,AB+,55,38,19,19,4,4,21/09/2026 11:30,Cancelado,Inapto,Intervalo insuficiente,02/11/2026,09/09/2026 07:33
20,Arthur Felipe Nascimento,42,M,62,AB-,não,65,sim,não,Apto,-,21/11/2026,10000000020,15/07/1984,(00) 90000-0020,paciente020@exemplo.com,"Rua Exemplo, 220 - Jardim Primavera",20,MedSênior,213456789012345,Hemocentro Estadual,10000000000005,"Rua São Paulo, 518 - Centro",07:00 às 17:00,(44) 3000-0005,5,156,5,AB-,7,Crítico,desconto na compra 20%,5,B+,65,40,20,20,5,5,22/09/2026 14:00,Agendado,Apto,-,21/11/2026,09/09/2026 10:00
21,Clara Eduarda Mendes,47,F,85,B+,sim,-,não,não,Inapto,Inaptidão clínica,22/10/2026,10000000021,15/07/1979,(00) 90000-0021,paciente021@exemplo.com,"Avenida Central, 231 - Centro",21,Unimed,324567890123456,Hemocentro Central,10000000000001,"Rua das Acácias, 101 - Centro",07:00 às 18:00,(44) 3000-0001,1,113,1,B+,28,Atenção,ingresso garantido (paga meia),1,O-,80,52,21,21,1,1,22/09/2026 15:30,Cancelado,Inapto,Inaptidão clínica,22/10/2026,08/09/2026 10:27
22,Bernardo Henrique Freitas,20,M,90,A+,sim,-,sim,sim,Inapto,Tatuagem recente,23/09/2027,10000000022,15/07/2006,(00) 90000-0022,paciente022@exemplo.com,"Rua Bela Vista, 242 - Jardim América",22,Amil,435678901234567,Hemocentro Regional Norte,10000000000002,"Avenida Brasil, 215 - Centro",08:00 às 17:00,(44) 3000-0002,2,121,2,A+,36,Normal,desconto na compra 10%,2,O+,70,61,22,22,2,2,23/09/2026 08:30,Cancelado,Inapto,Tatuagem recente,23/09/2027,08/09/2026 02:24
23,Luiza Helena Correia,56,F,84,AB+,não,100,sim,não,Apto,-,22/12/2026,10000000023,15/07/1970,(00) 90000-0023,paciente023@exemplo.com,"Rua das Acácias, 253 - Vila Esperança",23,Bradesco Saúde,546789012345678,Hemocentro Regional Sul,10000000000003,"Rua Paraná, 330 - Jardim América",07:30 às 18:00,(44) 3000-0003,3,135,3,AB+,10,Crítico,desconto seguro de vida,3,A+,60,44,23,23,3,3,23/09/2026 10:00,Agendado,Apto,-,22/12/2026,07/09/2026 02:51
24,Davi Lucas Cardoso,43,M,75,O-,não,60,sim,não,Apto,-,23/11/2026,10000000024,15/07/1983,(00) 90000-0024,paciente024@exemplo.com,"Rua do Sol, 264 - Jardim Europa",24,SulAmérica,657890123456789,Hemocentro Municipal,10000000000004,"Avenida das Palmeiras, 442 - Vila Nova",08:00 às 18:00,(44) 3000-0004,4,148,4,O-,16,Crítico,desconto na compra 30%,4,AB+,55,38,24,24,4,4,24/09/2026 13:30,Agendado,Apto,-,23/11/2026,07/09/2026 13:18
25,Maria Eduarda Ramos,17,F,64,A+,não,25,não,não,Inapto,Inaptidão clínica e intervalo,28/11/2026,10000000025,15/07/2009,(00) 90000-0025,paciente025@exemplo.com,"Avenida Modelo, 275 - Centro",25,NotreDame Intermédica,768901234567890,Hemocentro Estadual,10000000000005,"Rua São Paulo, 518 - Centro",07:00 às 17:00,(44) 3000-0005,5,151,5,A+,29,Atenção,desconto na compra 20%,5,B+,65,40,25,25,5,5,24/09/2026 14:30,Cancelado,Inapto,Inaptidão clínica e intervalo,28/11/2026,06/09/2026 13:15
26,Samuel Augusto Vieira,27,M,85,A+,sim,-,sim,não,Apto,-,24/11/2026,10000000026,15/07/1999,(00) 90000-0026,paciente026@exemplo.com,"Rua Projetada, 286 - Jardim Aurora",26,Hapvida,879012345678901,Hemocentro Central,10000000000001,"Rua das Acácias, 101 - Centro",07:00 às 18:00,(44) 3000-0001,1,111,1,A+,42,Normal,ingresso garantido (paga meia),1,O-,80,52,26,26,1,1,25/09/2026 09:00,Agendado,Apto,-,24/11/2026,06/09/2026 06:42
27,Cecilia Fernanda Dias,21,F,70,A+,não,73,não,sim,Inapto,"Intervalo, saúde e tatuagem",25/09/2027,10000000027,15/07/2005,(00) 90000-0027,paciente027@exemplo.com,"Rua das Estrelas, 297 - Vila Nova",27,Porto Seguro Saúde,980123456789012,Hemocentro Regional Norte,10000000000002,"Avenida Brasil, 215 - Centro",08:00 às 17:00,(44) 3000-0002,2,121,2,A+,36,Normal,desconto na compra 10%,2,O+,70,61,27,27,2,2,25/09/2026 11:00,Cancelado,Inapto,"Intervalo, saúde e tatuagem",25/09/2027,05/09/2026 07:39
28,Heitor Gabriel Monteiro,33,M,65,AB-,não,90,sim,não,Apto,-,25/11/2026,10000000028,15/07/1993,(00) 90000-0028,paciente028@exemplo.com,"Rua do Lago, 308 - Jardim Primavera",28,Care Plus,192345678901234,Hemocentro Regional Sul,10000000000003,"Rua Paraná, 330 - Jardim América",07:30 às 18:00,(44) 3000-0003,3,136,3,AB-,8,Crítico,desconto seguro de vida,3,A+,60,44,28,28,3,3,26/09/2026 08:00,Agendado,Apto,-,25/11/2026,19/09/2026 03:36
29,Beatriz Carolina Araújo,46,F,73,B-,não,75,não,não,Inapto,Inaptidão clínica e intervalo,28/10/2026,10000000029,15/07/1980,(00) 90000-0029,paciente029@exemplo.com,"Avenida Brasil, 319 - Centro",29,Omint,203456789012345,Hemocentro Municipal,10000000000004,"Avenida das Palmeiras, 442 - Vila Nova",08:00 às 18:00,(44) 3000-0004,4,144,4,B-,15,Crítico,desconto na compra 30%,4,AB+,55,38,29,29,4,4,28/09/2026 10:30,Cancelado,Inapto,Inaptidão clínica e intervalo,28/10/2026,20/09/2026 05:03
30,Nicolas Eduardo Rocha,88,M,62,A+,não,89,sim,não,Inapto,Idade acima do limite,-,10000000030,15/07/1938,(00) 90000-0030,paciente030@exemplo.com,"Rua Horizonte, 330 - Jardim América",30,MedSênior,314567890123456,Hemocentro Estadual,10000000000005,"Rua São Paulo, 518 - Centro",07:00 às 17:00,(44) 3000-0005,5,151,5,A+,29,Atenção,desconto na compra 20%,5,B+,65,40,30,30,5,5,28/09/2026 15:00,Cancelado,Inapto,Idade acima do limite,-,19/09/2026 08:30
31,Larissa Vitória Campos,54,F,64,B+,sim,-,sim,não,Apto,-,28/12/2026,10000000031,15/07/1972,(00) 90000-0031,paciente031@exemplo.com,"Rua Exemplo, 341 - Vila Esperança",31,Unimed,425678901234567,Hemocentro Central,10000000000001,"Rua das Acácias, 101 - Centro",07:00 às 18:00,(44) 3000-0001,1,113,1,B+,28,Atenção,ingresso garantido (paga meia),1,O-,80,52,31,31,1,1,29/09/2026 08:30,Agendado,Apto,-,28/12/2026,19/09/2026 00:57
32,Felipe Augusto Moraes,22,M,47,O-,sim,-,sim,não,Inapto,Peso abaixo do mínimo,29/10/2026,10000000032,15/07/2004,(00) 90000-0032,paciente032@exemplo.com,"Avenida das Palmeiras, 352 - Jardim Europa",32,Amil,536789012345678,Hemocentro Regional Norte,10000000000002,"Avenida Brasil, 215 - Centro",08:00 às 17:00,(44) 3000-0002,2,128,2,O-,21,Atenção,desconto na compra 10%,2,O+,70,61,32,32,2,2,29/09/2026 09:30,Cancelado,Inapto,Peso abaixo do mínimo,29/10/2026,18/09/2026 08:54
33,Amanda Gabriela Duarte,19,F,45,A+,não,190,sim,não,Inapto,Peso abaixo do mínimo,30/10/2026,10000000033,15/07/2007,(00) 90000-0033,paciente033@exemplo.com,"Rua dos Ipês, 363 - Centro",33,Bradesco Saúde,647890123456789,Hemocentro Regional Sul,10000000000003,"Rua Paraná, 330 - Jardim América",07:30 às 18:00,(44) 3000-0003,3,131,3,A+,40,Normal,desconto seguro de vida,3,A+,60,44,33,33,3,3,30/09/2026 13:00,Cancelado,Inapto,Peso abaixo do mínimo,30/10/2026,18/09/2026 11:21
34,Henrique Matheus Batista,34,M,53,AB+,não,35,não,sim,Inapto,"Intervalo, saúde e tatuagem",30/09/2027,10000000034,15/07/1992,(00) 90000-0034,paciente034@exemplo.com,"Rua das Flores, 374 - Jardim Aurora",34,SulAmérica,758901234567890,Hemocentro Municipal,10000000000004,"Avenida das Palmeiras, 442 - Vila Nova",08:00 às 18:00,(44) 3000-0004,4,145,4,AB+,18,Crítico,desconto na compra 30%,4,AB+,55,38,34,34,4,4,30/09/2026 14:00,Cancelado,Inapto,"Intervalo, saúde e tatuagem",30/09/2027,17/09/2026 11:18
35,Yasmin Oliveira,67,F,58,O-,sim,-,sim,não,Inapto,Primeira doação após 60,-,10000000035,15/07/1959,(00) 90000-0035,paciente035@exemplo.com,"Avenida Central, 385 - Vila Nova",35,NotreDame Intermédica,869012345678901,Hemocentro Estadual,10000000000005,"Rua São Paulo, 518 - Centro",07:00 às 17:00,(44) 3000-0005,5,158,5,O-,10,Crítico,desconto na compra 20%,5,B+,65,40,35,35,5,5,01/10/2026 08:00,Cancelado,Inapto,Primeira doação após 60,-,17/09/2026 04:15
36,Leonardo Henrique Farias,74,M,65,O-,não,100,sim,não,Inapto,Idade acima do limite,-,10000000036,15/07/1952,(00) 90000-0036,paciente036@exemplo.com,"Rua Bela Vista, 396 - Jardim Primavera",36,Hapvida,970123456789012,Hemocentro Central,10000000000001,"Rua das Acácias, 101 - Centro",07:00 às 18:00,(44) 3000-0001,1,118,1,O-,14,Crítico,ingresso garantido (paga meia),1,O-,80,52,36,36,1,1,01/10/2026 10:00,Cancelado,Inapto,Idade acima do limite,-,16/09/2026 05:12
37,Sophia Gabriela Melo,29,F,87,B-,não,120,sim,não,Apto,-,31/12/2026,10000000037,15/07/1997,(00) 90000-0037,paciente037@exemplo.com,"Rua das Acácias, 407 - Centro",37,Porto Seguro Saúde,182345678901234,Hemocentro Regional Norte,10000000000002,"Avenida Brasil, 215 - Centro",08:00 às 17:00,(44) 3000-0002,2,124,2,B-,19,Crítico,desconto na compra 10%,2,O+,70,61,37,37,2,2,02/10/2026 11:30,Agendado,Apto,-,31/12/2026,16/09/2026 05:39
38,Daniel Augusto Pinto,30,M,46,A+,não,45,sim,não,Inapto,Peso e intervalo insuficientes,01/11/2026,10000000038,15/07/1996,(00) 90000-0038,paciente038@exemplo.com,"Rua do Sol, 418 - Jardim América",38,Care Plus,293456789012345,Hemocentro Regional Sul,10000000000003,"Rua Paraná, 330 - Jardim América",07:30 às 18:00,(44) 3000-0003,3,131,3,A+,40,Normal,desconto seguro de vida,3,A+,60,44,38,38,3,3,02/10/2026 15:30,Cancelado,Inapto,Peso e intervalo insuficientes,01/11/2026,15/09/2026 08:36
39,Isadora Fernanda Reis,46,F,57,AB+,não,30,não,sim,Inapto,"Intervalo, saúde e tatuagem",03/10/2027,10000000039,15/07/1980,(00) 90000-0039,paciente039@exemplo.com,"Avenida Modelo, 429 - Vila Esperança",39,Omint,304567890123456,Hemocentro Municipal,10000000000004,"Avenida das Palmeiras, 442 - Vila Nova",08:00 às 18:00,(44) 3000-0004,4,145,4,AB+,18,Crítico,desconto na compra 30%,4,AB+,55,38,39,39,4,4,03/10/2026 09:00,Cancelado,Inapto,"Intervalo, saúde e tatuagem",03/10/2027,15/09/2026 01:03
40,Thiago Lucas Neves,59,M,60,A+,sim,-,sim,não,Apto,-,04/12/2026,10000000040,15/07/1967,(00) 90000-0040,paciente040@exemplo.com,"Rua Projetada, 440 - Jardim Europa",40,MedSênior,415678901234567,Hemocentro Estadual,10000000000005,"Rua São Paulo, 518 - Centro",07:00 às 17:00,(44) 3000-0005,5,151,5,A+,29,Atenção,desconto na compra 20%,5,B+,65,40,40,40,5,5,05/10/2026 13:30,Agendado,Apto,-,04/12/2026,16/09/2026 13:30
41,Camila Beatriz Sales,16,F,68,A+,sim,-,não,não,Inapto,Inaptidão clínica,04/11/2026,10000000041,15/07/2010,(00) 90000-0041,paciente041@exemplo.com,"Rua do Lago, 451 - Centro",41,Unimed,526789012345678,Hemocentro Central,10000000000001,"Rua das Acácias, 101 - Centro",07:00 às 18:00,(44) 3000-0001,1,111,1,A+,42,Normal,ingresso garantido (paga meia),1,O-,80,52,41,41,1,1,05/10/2026 14:30,Cancelado,Inapto,Inaptidão clínica,04/11/2026,15/09/2026 13:27
42,Vitor Hugo Martins,26,M,74,B+,não,25,sim,sim,Inapto,Intervalo e tatuagem recente,06/10/2027,10000000042,15/07/2000,(00) 90000-0042,paciente042@exemplo.com,"Rua das Estrelas, 462 - Jardim Aurora",42,Amil,637890123456789,Hemocentro Regional Norte,10000000000002,"Avenida Brasil, 215 - Centro",08:00 às 17:00,(44) 3000-0002,2,123,2,B+,31,Atenção,desconto na compra 10%,2,O+,70,61,42,42,2,2,06/10/2026 08:30,Cancelado,Inapto,Intervalo e tatuagem recente,06/10/2027,29/09/2026 06:24
43,Ana Clara Fernandes,44,F,86,O-,sim,-,não,não,Inapto,Inaptidão clínica,05/11/2026,10000000043,15/07/1982,(00) 90000-0043,paciente043@exemplo.com,"Avenida Brasil, 473 - Vila Nova",43,Bradesco Saúde,748901234567890,Hemocentro Regional Sul,10000000000003,"Rua Paraná, 330 - Jardim América",07:30 às 18:00,(44) 3000-0003,3,138,3,O-,12,Crítico,desconto seguro de vida,3,A+,60,44,43,43,3,3,06/10/2026 10:30,Cancelado,Inapto,Inaptidão clínica,05/11/2026,28/09/2026 07:21
44,Bruno Henrique Lopes,78,M,90,A+,não,130,sim,não,Inapto,Idade acima do limite,-,10000000044,15/07/1948,(00) 90000-0044,paciente044@exemplo.com,"Rua Horizonte, 484 - Jardim Primavera",44,SulAmérica,859012345678901,Hemocentro Municipal,10000000000004,"Avenida das Palmeiras, 442 - Vila Nova",08:00 às 18:00,(44) 3000-0004,4,141,4,A+,33,Atenção,desconto na compra 30%,4,AB+,55,38,44,44,4,4,07/10/2026 15:00,Cancelado,Inapto,Idade acima do limite,-,28/09/2026 10:48
45,Leticia Maria Tavares,18,F,78,A+,não,92,sim,não,Apto,-,06/01/2027,10000000045,15/07/2008,(00) 90000-0045,paciente045@exemplo.com,"Rua Exemplo, 495 - Centro",45,NotreDame Intermédica,960123456789012,Hemocentro Estadual,10000000000005,"Rua São Paulo, 518 - Centro",07:00 às 17:00,(44) 3000-0005,5,151,5,A+,29,Atenção,desconto na compra 20%,5,B+,65,40,45,45,5,5,08/10/2026 09:00,Agendado,Apto,-,06/01/2027,28/09/2026 03:45
46,Guilherme Augusto Nunes,23,M,65,A+,não,85,sim,sim,Inapto,Tatuagem recente,08/10/2027,10000000046,15/07/2003,(00) 90000-0046,paciente046@exemplo.com,"Avenida das Palmeiras, 506 - Jardim América",46,Hapvida,172345678901234,Hemocentro Central,10000000000001,"Rua das Acácias, 101 - Centro",07:00 às 18:00,(44) 3000-0001,1,111,1,A+,42,Normal,ingresso garantido (paga meia),1,O-,80,52,46,46,1,1,08/10/2026 11:00,Cancelado,Inapto,Tatuagem recente,08/10/2027,27/09/2026 04:42
47,Marina Vitória Correia,34,F,55,AB-,sim,-,sim,não,Apto,-,07/01/2027,10000000047,15/07/1992,(00) 90000-0047,paciente047@exemplo.com,"Rua dos Ipês, 517 - Vila Esperança",47,Porto Seguro Saúde,283456789012345,Hemocentro Regional Norte,10000000000002,"Avenida Brasil, 215 - Centro",08:00 às 17:00,(44) 3000-0002,2,126,2,AB-,11,Crítico,desconto na compra 10%,2,O+,70,61,47,47,2,2,09/10/2026 08:00,Agendado,Apto,-,07/01/2027,27/09/2026 00:39
48,Diego Gabriel Peixoto,45,M,54,A+,sim,-,não,não,Inapto,Inaptidão clínica,08/11/2026,10000000048,15/07/1981,(00) 90000-0048,paciente048@exemplo.com,"Rua das Flores, 528 - Jardim Europa",48,Care Plus,394567890123456,Hemocentro Regional Sul,10000000000003,"Rua Paraná, 330 - Jardim América",07:30 às 18:00,(44) 3000-0003,3,131,3,A+,40,Normal,desconto seguro de vida,3,A+,60,44,48,48,3,3,09/10/2026 14:00,Cancelado,Inapto,Inaptidão clínica,08/11/2026,26/09/2026 13:36
49,Carolina Mendes,57,F,74,B+,não,45,não,não,Inapto,Inaptidão clínica e intervalo,24/11/2026,10000000049,15/07/1969,(00) 90000-0049,paciente049@exemplo.com,"Avenida Central, 539 - Centro",49,Omint,405678901234567,Hemocentro Municipal,10000000000004,"Avenida das Palmeiras, 442 - Vila Nova",08:00 às 18:00,(44) 3000-0004,4,143,4,B+,27,Atenção,desconto na compra 30%,4,AB+,55,38,49,49,4,4,10/10/2026 10:00,Cancelado,Inapto,Inaptidão clínica e intervalo,24/11/2026,26/09/2026 08:33
50,Eduardo Henrique Rezende,21,M,85,O-,não,100,sim,sim,Inapto,Tatuagem recente,13/10/2027,10000000050,15/07/2005,(00) 90000-0050,paciente050@exemplo.com,"Rua Bela Vista, 550 - Jardim Aurora",50,MedSênior,516789012345678,Hemocentro Estadual,10000000000005,"Rua São Paulo, 518 - Centro",07:00 às 17:00,(44) 3000-0005,5,158,5,O-,10,Crítico,desconto na compra 20%,5,B+,65,40,50,50,5,5,13/10/2026 13:30,Cancelado,Inapto,Tatuagem recente,13/10/2027,28/09/2026 11:00
51,Bianca Fernanda Siqueira,36,F,53,A+,sim,-,sim,não,Apto,-,12/01/2027,10000000051,15/07/1990,(00) 90000-0051,paciente051@exemplo.com,"Rua das Acácias, 561 - Vila Nova",51,Unimed,627890123456789,Hemocentro Central,10000000000001,"Rua das Acácias, 101 - Centro",07:00 às 18:00,(44) 3000-0001,1,111,1,A+,42,Normal,ingresso garantido (paga meia),1,O-,80,52,51,51,1,1,14/10/2026 08:30,Agendado,Apto,-,12/01/2027,28/09/2026 04:57
52,Caio Gabriel Borges,43,M,58,A+,não,72,sim,não,Apto,-,13/12/2026,10000000052,15/07/1983,(00) 90000-0052,paciente052@exemplo.com,"Rua do Sol, 572 - Jardim Primavera",52,Amil,738901234567890,Hemocentro Regional Norte,10000000000002,"Avenida Brasil, 215 - Centro",08:00 às 17:00,(44) 3000-0002,2,121,2,A+,36,Normal,desconto na compra 10%,2,O+,70,61,52,52,2,2,14/10/2026 09:30,Agendado,Apto,-,13/12/2026,27/09/2026 04:54
53,Natalia Cristina Ramos,24,F,60,B+,sim,-,sim,não,Apto,-,13/01/2027,10000000053,15/07/2002,(00) 90000-0053,paciente053@exemplo.com,"Avenida Modelo, 583 - Centro",53,Bradesco Saúde,849012345678901,Hemocentro Regional Sul,10000000000003,"Rua Paraná, 330 - Jardim América",07:30 às 18:00,(44) 3000-0003,3,133,3,B+,24,Atenção,desconto seguro de vida,3,A+,60,44,53,53,3,3,15/10/2026 11:00,Agendado,Apto,-,13/01/2027,27/09/2026 05:21
54,André Luiz Carvalho,48,M,65,A+,não,30,sim,não,Inapto,Intervalo insuficiente,14/11/2026,10000000054,15/07/1978,(00) 90000-0054,paciente054@exemplo.com,"Rua Projetada, 594 - Jardim América",54,SulAmérica,950123456789012,Hemocentro Municipal,10000000000004,"Avenida das Palmeiras, 442 - Vila Nova",08:00 às 18:00,(44) 3000-0004,4,141,4,A+,33,Atenção,desconto na compra 30%,4,AB+,55,38,54,54,4,4,15/10/2026 15:30,Cancelado,Inapto,Intervalo insuficiente,14/11/2026,26/09/2026 08:48
55,Melissa Vitória Andrade,79,F,80,A+,não,90,sim,não,Inapto,Idade acima do limite,-,10000000055,15/07/1947,(00) 90000-0055,paciente055@exemplo.com,"Rua do Lago, 605 - Vila Esperança",55,NotreDame Intermédica,162345678901234,Hemocentro Estadual,10000000000005,"Rua São Paulo, 518 - Centro",07:00 às 17:00,(44) 3000-0005,5,151,5,A+,29,Atenção,desconto na compra 20%,5,B+,65,40,55,55,5,5,16/10/2026 08:00,Cancelado,Inapto,Idade acima do limite,-,26/09/2026 00:15
56,João Victor Moreira,40,M,85,A+,não,65,não,não,Inapto,Inaptidão clínica,16/11/2026,10000000056,15/07/1986,(00) 90000-0056,paciente056@exemplo.com,"Rua das Estrelas, 616 - Jardim Europa",56,Hapvida,273456789012345,Hemocentro Central,10000000000001,"Rua das Acácias, 101 - Centro",07:00 às 18:00,(44) 3000-0001,1,111,1,A+,42,Normal,ingresso garantido (paga meia),1,O-,80,52,56,56,1,1,17/10/2026 10:30,Cancelado,Inapto,Inaptidão clínica,16/11/2026,10/10/2026 09:42
57,Gabriela Fernanda Lopes,22,F,74,B+,sim,-,não,sim,Inapto,Inaptidão clínica e tatuagem,19/10/2027,10000000057,15/07/2004,(00) 90000-0057,paciente057@exemplo.com,"Avenida Brasil, 627 - Centro",57,Porto Seguro Saúde,384567890123456,Hemocentro Regional Norte,10000000000002,"Avenida Brasil, 215 - Centro",08:00 às 17:00,(44) 3000-0002,2,123,2,B+,31,Atenção,desconto na compra 10%,2,O+,70,61,57,57,2,2,19/10/2026 14:00,Cancelado,Inapto,Inaptidão clínica e tatuagem,19/10/2027,11/10/2026 12:09
58,Murilo Henrique Dias,36,M,65,A+,sim,-,sim,não,Apto,-,19/12/2026,10000000058,15/07/1990,(00) 90000-0058,paciente058@exemplo.com,"Rua Horizonte, 638 - Jardim Aurora",58,Care Plus,495678901234567,Hemocentro Regional Sul,10000000000003,"Rua Paraná, 330 - Jardim América",07:30 às 18:00,(44) 3000-0003,3,131,3,A+,40,Normal,desconto seguro de vida,3,A+,60,44,58,58,3,3,20/10/2026 09:00,Agendado,Apto,-,19/12/2026,11/10/2026 06:06
59,Livia Maria Teixeira,19,F,55,O-,não,125,sim,sim,Inapto,Tatuagem recente,20/10/2027,10000000059,15/07/2007,(00) 90000-0059,paciente059@exemplo.com,"Rua Exemplo, 649 - Vila Nova",59,Omint,506789012345678,Hemocentro Municipal,10000000000004,"Avenida das Palmeiras, 442 - Vila Nova",08:00 às 18:00,(44) 3000-0004,4,148,4,O-,16,Crítico,desconto na compra 30%,4,AB+,55,38,59,59,4,4,20/10/2026 13:00,Cancelado,Inapto,Tatuagem recente,20/10/2027,10/10/2026 09:03
60,Rodrigo Augusto Vieira,56,M,47,AB+,não,100,sim,não,Inapto,Peso abaixo do mínimo,20/11/2026,10000000060,15/07/1970,(00) 90000-0060,paciente060@exemplo.com,"Avenida das Palmeiras, 660 - Jardim Primavera",60,MedSênior,617890123456789,Hemocentro Estadual,10000000000005,"Rua São Paulo, 518 - Centro",07:00 às 17:00,(44) 3000-0005,5,155,5,AB+,9,Crítico,desconto na compra 20%,5,B+,65,40,60,60,5,5,21/10/2026 08:30,Cancelado,Inapto,Peso abaixo do mínimo,20/11/2026,10/10/2026 04:30
61,Nicole Beatriz Martins,68,F,92,A-,sim,-,não,não,Inapto,Primeira doação após 60 e inaptidão clínica,-,10000000061,15/07/1958,(00) 90000-0061,paciente061@exemplo.com,"Rua dos Ipês, 671 - Centro",61,Unimed,728901234567890,Hemocentro Central,10000000000001,"Rua das Acácias, 101 - Centro",07:00 às 18:00,(44) 3000-0001,1,112,1,A-,18,Crítico,ingresso garantido (paga meia),1,O-,80,52,61,61,1,1,22/10/2026 11:30,Cancelado,Inapto,Primeira doação após 60 e inaptidão clínica,-,10/10/2026 06:27
62,Vinicius Gabriel Costa,21,M,69,O-,não,52,sim,sim,Inapto,Intervalo e tatuagem recente,22/10/2027,10000000062,15/07/2005,(00) 90000-0062,paciente062@exemplo.com,"Rua das Flores, 682 - Jardim América",62,Amil,839012345678901,Hemocentro Regional Norte,10000000000002,"Avenida Brasil, 215 - Centro",08:00 às 17:00,(44) 3000-0002,2,128,2,O-,21,Atenção,desconto na compra 10%,2,O+,70,61,62,62,2,2,22/10/2026 15:00,Cancelado,Inapto,Intervalo e tatuagem recente,22/10/2027,09/10/2026 08:54
63,Emanuela Vitória Souza,39,F,78,B-,não,130,sim,não,Apto,-,21/01/2027,10000000063,15/07/1987,(00) 90000-0063,paciente063@exemplo.com,"Avenida Central, 693 - Vila Esperança",63,Bradesco Saúde,940123456789012,Hemocentro Regional Sul,10000000000003,"Rua Paraná, 330 - Jardim América",07:30 às 18:00,(44) 3000-0003,3,134,3,B-,13,Crítico,desconto seguro de vida,3,A+,60,44,63,63,3,3,23/10/2026 09:30,Agendado,Apto,-,21/01/2027,09/10/2026 02:21
64,Arthur Henrique Lima,48,M,64,AB-,não,40,sim,não,Inapto,Intervalo insuficiente,13/11/2026,10000000064,15/07/1978,(00) 90000-0064,paciente064@exemplo.com,"Rua Bela Vista, 704 - Jardim Europa",64,SulAmérica,152345678901234,Hemocentro Municipal,10000000000004,"Avenida das Palmeiras, 442 - Vila Nova",08:00 às 18:00,(44) 3000-0004,4,146,4,AB-,10,Crítico,desconto na compra 30%,4,AB+,55,38,64,64,4,4,24/10/2026 14:30,Cancelado,Inapto,Intervalo insuficiente,13/11/2026,09/10/2026 14:18
65,Sabrina Cristina Alves,18,F,56,A+,sim,-,sim,sim,Inapto,Tatuagem recente,26/10/2027,10000000065,15/07/2008,(00) 90000-0065,paciente065@exemplo.com,"Rua das Acácias, 715 - Centro",65,NotreDame Intermédica,263456789012345,Hemocentro Estadual,10000000000005,"Rua São Paulo, 518 - Centro",07:00 às 17:00,(44) 3000-0005,5,151,5,A+,29,Atenção,desconto na compra 20%,5,B+,65,40,65,65,5,5,26/10/2026 08:00,Cancelado,Inapto,Tatuagem recente,26/10/2027,10/10/2026 06:45
66,Lucca Gabriel Pereira,27,M,74,A+,sim,-,sim,não,Apto,-,26/12/2026,10000000066,15/07/1999,(00) 90000-0066,paciente066@exemplo.com,"Rua do Sol, 726 - Jardim Aurora",66,Hapvida,374567890123456,Hemocentro Central,10000000000001,"Rua das Acácias, 101 - Centro",07:00 às 18:00,(44) 3000-0001,1,111,1,A+,42,Normal,ingresso garantido (paga meia),1,O-,80,52,66,66,1,1,27/10/2026 10:00,Agendado,Apto,-,26/12/2026,10/10/2026 07:42
67,Ana Julia Rodrigues,33,F,68,O-,não,80,não,não,Inapto,Inaptidão clínica e intervalo,26/11/2026,10000000067,15/07/1993,(00) 90000-0067,paciente067@exemplo.com,"Avenida Modelo, 737 - Vila Nova",67,Porto Seguro Saúde,485678901234567,Hemocentro Regional Norte,10000000000002,"Avenida Brasil, 215 - Centro",08:00 às 17:00,(44) 3000-0002,2,128,2,O-,21,Atenção,desconto na compra 10%,2,O+,70,61,67,67,2,2,27/10/2026 13:30,Cancelado,Inapto,Inaptidão clínica e intervalo,26/11/2026,09/10/2026 10:09
68,Mateus Felipe Barbosa,78,M,55,A-,não,140,não,não,Inapto,Idade e inaptidão clínica,-,10000000068,15/07/1948,(00) 90000-0068,paciente068@exemplo.com,"Rua Projetada, 748 - Jardim Primavera",68,Care Plus,596789012345678,Hemocentro Regional Sul,10000000000003,"Rua Paraná, 330 - Jardim América",07:30 às 18:00,(44) 3000-0003,3,132,3,A-,17,Crítico,desconto seguro de vida,3,A+,60,44,68,68,3,3,28/10/2026 15:30,Cancelado,Inapto,Idade e inaptidão clínica,-,09/10/2026 11:06
69,Lorena Fernanda Castro,19,F,69,B-,sim,-,sim,não,Apto,-,27/01/2027,10000000069,15/07/2007,(00) 90000-0069,paciente069@exemplo.com,"Rua do Lago, 759 - Centro",69,Omint,607890123456789,Hemocentro Municipal,10000000000004,"Avenida das Palmeiras, 442 - Vila Nova",08:00 às 18:00,(44) 3000-0004,4,144,4,B-,15,Crítico,desconto na compra 30%,4,AB+,55,38,69,69,4,4,29/10/2026 09:00,Agendado,Apto,-,27/01/2027,09/10/2026 03:33
70,Ruan Augusto Oliveira,22,M,58,B+,sim,-,não,sim,Inapto,Inaptidão clínica e tatuagem,30/10/2027,10000000070,15/07/2004,(00) 90000-0070,paciente070@exemplo.com,"Rua das Estrelas, 770 - Jardim América",70,MedSênior,718901234567890,Hemocentro Estadual,10000000000005,"Rua São Paulo, 518 - Centro",07:00 às 17:00,(44) 3000-0005,5,153,5,B+,22,Atenção,desconto na compra 20%,5,B+,65,40,70,70,5,5,30/10/2026 11:00,Cancelado,Inapto,Inaptidão clínica e tatuagem,30/10/2027,23/10/2026 04:30
71,Mariana Alice Mendes,27,F,94,AB+,não,190,sim,não,Apto,-,29/01/2027,10000000071,15/07/1999,(00) 90000-0071,paciente071@exemplo.com,"Avenida Brasil, 781 - Vila Esperança",71,Unimed,829012345678901,Hemocentro Central,10000000000001,"Rua das Acácias, 101 - Centro",07:00 às 18:00,(44) 3000-0001,1,115,1,AB+,12,Crítico,ingresso garantido (paga meia),1,O-,80,52,71,71,1,1,31/10/2026 08:30,Agendado,Apto,-,29/01/2027,23/10/2026 00:57
72,Gustavo Lucas Ferreira,39,M,67,O+,não,100,sim,não,Apto,-,02/01/2027,10000000072,15/07/1987,(00) 90000-0072,paciente072@exemplo.com,"Rua Horizonte, 792 - Jardim Europa",72,Amil,930123456789012,Hemocentro Regional Norte,10000000000002,"Avenida Brasil, 215 - Centro",08:00 às 17:00,(44) 3000-0002,2,127,2,O+,48,Normal,desconto na compra 10%,2,O+,70,61,72,72,2,2,03/11/2026 14:00,Agendado,Apto,-,02/01/2027,25/10/2026 13:24
73,Brenda Vitória Santos,21,F,54,O-,não,35,sim,não,Inapto,Intervalo insuficiente,29/12/2026,10000000073,15/07/2005,(00) 90000-0073,paciente073@exemplo.com,"Rua Exemplo, 803 - Centro",73,Bradesco Saúde,142345678901234,Hemocentro Regional Sul,10000000000003,"Rua Paraná, 330 - Jardim América",07:30 às 18:00,(44) 3000-0003,3,138,3,O-,12,Crítico,desconto seguro de vida,3,A+,60,44,73,73,3,3,04/11/2026 09:30,Cancelado,Inapto,Intervalo insuficiente,29/12/2026,25/10/2026 07:51
74,Diego Henrique Almeida,56,M,43,A-,não,60,não,não,Inapto,Peso e inaptidão clínica,05/12/2026,10000000074,15/07/1970,(00) 90000-0074,paciente074@exemplo.com,"Avenida das Palmeiras, 814 - Jardim Aurora",74,SulAmérica,253456789012345,Hemocentro Municipal,10000000000004,"Avenida das Palmeiras, 442 - Vila Nova",08:00 às 18:00,(44) 3000-0004,4,142,4,A-,20,Atenção,desconto na compra 30%,4,AB+,55,38,74,74,4,4,05/11/2026 13:00,Cancelado,Inapto,Peso e inaptidão clínica,05/12/2026,25/10/2026 10:18
75,Clara Beatriz Ribeiro,37,F,50,O-,sim,-,sim,não,Apto,-,04/02/2027,10000000075,15/07/1989,(00) 90000-0075,paciente075@exemplo.com,"Rua dos Ipês, 825 - Vila Nova",75,NotreDame Intermédica,364567890123456,Hemocentro Estadual,10000000000005,"Rua São Paulo, 518 - Centro",07:00 às 17:00,(44) 3000-0005,5,158,5,O-,10,Crítico,desconto na compra 20%,5,B+,65,40,75,75,5,5,06/11/2026 08:00,Agendado,Apto,-,04/02/2027,25/10/2026 04:15
76,Pablo Gabriel Nascimento,58,M,42,O+,não,90,não,não,Inapto,Peso e inaptidão clínica,07/12/2026,10000000076,15/07/1968,(00) 90000-0076,paciente076@exemplo.com,"Rua das Flores, 836 - Jardim Primavera",76,Hapvida,475678901234567,Hemocentro Central,10000000000001,"Rua das Acácias, 101 - Centro",07:00 às 18:00,(44) 3000-0001,1,117,1,O+,55,Normal,ingresso garantido (paga meia),1,O-,80,52,76,76,1,1,07/11/2026 10:30,Cancelado,Inapto,Peso e inaptidão clínica,07/12/2026,25/10/2026 05:42
77,Elisa Fernanda Cardoso,23,F,60,O+,sim,-,sim,sim,Inapto,Tatuagem recente,09/11/2027,10000000077,15/07/2003,(00) 90000-0077,paciente077@exemplo.com,"Avenida Central, 847 - Centro",77,Porto Seguro Saúde,586789012345678,Hemocentro Regional Norte,10000000000002,"Avenida Brasil, 215 - Centro",08:00 às 17:00,(44) 3000-0002,2,127,2,O+,48,Normal,desconto na compra 10%,2,O+,70,61,77,77,2,2,09/11/2026 15:00,Cancelado,Inapto,Tatuagem recente,09/11/2027,26/10/2026 09:09
78,Rafael Lucas Rocha,45,M,116,A+,não,15,sim,sim,Inapto,Intervalo e tatuagem recente,10/11/2027,10000000078,15/07/1981,(00) 90000-0078,paciente078@exemplo.com,"Rua Bela Vista, 858 - Jardim América",78,Care Plus,697890123456789,Hemocentro Regional Sul,10000000000003,"Rua Paraná, 330 - Jardim América",07:30 às 18:00,(44) 3000-0003,3,131,3,A+,40,Normal,desconto seguro de vida,3,A+,60,44,78,78,3,3,10/11/2026 09:00,Cancelado,Inapto,Intervalo e tatuagem recente,10/11/2027,26/10/2026 02:06
79,Maitê Cristina Duarte,16,F,63,A-,sim,-,sim,não,Apto,-,09/02/2027,10000000079,15/07/2010,(00) 90000-0079,paciente079@exemplo.com,"Rua das Acácias, 869 - Vila Esperança",79,Omint,708901234567890,Hemocentro Municipal,10000000000004,"Avenida das Palmeiras, 442 - Vila Nova",08:00 às 18:00,(44) 3000-0004,4,142,4,A-,20,Atenção,desconto na compra 30%,4,AB+,55,38,79,79,4,4,11/11/2026 11:30,Agendado,Apto,-,09/02/2027,26/10/2026 03:33
80,João Gabriel Farias,34,M,74,O-,não,30,sim,não,Inapto,Intervalo insuficiente,12/12/2026,10000000080,15/07/1992,(00) 90000-0080,paciente080@exemplo.com,"Rua do Sol, 880 - Jardim Europa",80,MedSênior,819012345678901,Hemocentro Estadual,10000000000005,"Rua São Paulo, 518 - Centro",07:00 às 17:00,(44) 3000-0005,5,158,5,O-,10,Crítico,desconto na compra 20%,5,B+,65,40,80,80,5,5,12/11/2026 14:30,Cancelado,Inapto,Intervalo insuficiente,12/12/2026,26/10/2026 14:30
81,Valéria Vitória Gomes,21,F,55,AB+,não,40,não,não,Inapto,Inaptidão clínica e intervalo,02/01/2027,10000000081,15/07/2005,(00) 90000-0081,paciente081@exemplo.com,"Avenida Modelo, 891 - Centro",81,Unimed,920123456789012,Hemocentro Central,10000000000001,"Rua das Acácias, 101 - Centro",07:00 às 18:00,(44) 3000-0001,1,115,1,AB+,12,Crítico,ingresso garantido (paga meia),1,O-,80,52,81,81,1,1,13/11/2026 08:30,Cancelado,Inapto,Inaptidão clínica e intervalo,02/01/2027,26/10/2026 07:27
82,Pedro Henrique Monteiro,17,M,110,A-,sim,-,sim,não,Apto,-,13/01/2027,10000000082,15/07/2009,(00) 90000-0082,paciente082@exemplo.com,"Rua Projetada, 902 - Jardim Aurora",82,Amil,132345678901234,Hemocentro Regional Norte,10000000000002,"Avenida Brasil, 215 - Centro",08:00 às 17:00,(44) 3000-0002,2,122,2,A-,22,Atenção,desconto na compra 10%,2,O+,70,61,82,82,2,2,14/11/2026 10:00,Agendado,Apto,-,13/01/2027,26/10/2026 07:54
83,Alana Beatriz Freitas,35,F,85,B-,não,90,sim,sim,Inapto,Tatuagem recente,16/11/2027,10000000083,15/07/1991,(00) 90000-0083,paciente083@exemplo.com,"Rua do Lago, 913 - Vila Nova",83,Bradesco Saúde,243456789012345,Hemocentro Regional Sul,10000000000003,"Rua Paraná, 330 - Jardim América",07:30 às 18:00,(44) 3000-0003,3,134,3,B-,13,Crítico,desconto seguro de vida,3,A+,60,44,83,83,3,3,16/11/2026 13:30,Cancelado,Inapto,Tatuagem recente,16/11/2027,27/10/2026 10:21
84,Lucas Felipe Araújo,82,M,69,A-,não,60,sim,não,Inapto,Idade acima do limite,-,10000000084,15/07/1944,(00) 90000-0084,paciente084@exemplo.com,"Rua das Estrelas, 924 - Jardim Primavera",84,SulAmérica,354567890123456,Hemocentro Municipal,10000000000004,"Avenida das Palmeiras, 442 - Vila Nova",08:00 às 18:00,(44) 3000-0004,4,142,4,A-,20,Atenção,desconto na compra 30%,4,AB+,55,38,84,84,4,4,17/11/2026 15:30,Cancelado,Inapto,Idade acima do limite,-,10/11/2026 11:18
85,Maria Clara Campos,92,F,67,B+,não,45,sim,não,Inapto,Idade e intervalo insuficiente,-,10000000085,15/07/1934,(00) 90000-0085,paciente085@exemplo.com,"Avenida Brasil, 935 - Centro",85,NotreDame Intermédica,465678901234567,Hemocentro Estadual,10000000000005,"Rua São Paulo, 518 - Centro",07:00 às 17:00,(44) 3000-0005,5,153,5,B+,22,Atenção,desconto na compra 20%,5,B+,65,40,85,85,5,5,18/11/2026 09:30,Cancelado,Inapto,Idade e intervalo insuficiente,-,10/11/2026 04:15
86,Cauã Gabriel Neves,18,M,76,O-,não,100,não,não,Inapto,Inaptidão clínica,19/12/2026,10000000086,15/07/2008,(00) 90000-0086,paciente086@exemplo.com,"Rua Horizonte, 946 - Jardim América",86,Hapvida,576789012345678,Hemocentro Central,10000000000001,"Rua das Acácias, 101 - Centro",07:00 às 18:00,(44) 3000-0001,1,118,1,O-,14,Crítico,ingresso garantido (paga meia),1,O-,80,52,86,86,1,1,19/11/2026 08:00,Cancelado,Inapto,Inaptidão clínica,19/12/2026,10/11/2026 01:42
87,Isis Fernanda Moraes,33,F,98,O+,sim,-,sim,sim,Inapto,Tatuagem recente,20/11/2027,10000000087,15/07/1993,(00) 90000-0087,paciente087@exemplo.com,"Rua Exemplo, 957 - Vila Esperança",87,Porto Seguro Saúde,687890123456789,Hemocentro Regional Norte,10000000000002,"Avenida Brasil, 215 - Centro",08:00 às 17:00,(44) 3000-0002,2,127,2,O+,48,Normal,desconto na compra 10%,2,O+,70,61,87,87,2,2,20/11/2026 11:00,Cancelado,Inapto,Tatuagem recente,20/11/2027,10/11/2026 03:39
88,Thiago Henrique Sales,25,M,101,A+,não,180,não,sim,Inapto,Inaptidão clínica e tatuagem,21/11/2027,10000000088,15/07/2001,(00) 90000-0088,paciente088@exemplo.com,"Avenida das Palmeiras, 968 - Jardim Europa",88,Care Plus,798901234567890,Hemocentro Regional Sul,10000000000003,"Rua Paraná, 330 - Jardim América",07:30 às 18:00,(44) 3000-0003,3,131,3,A+,40,Normal,desconto seguro de vida,3,A+,60,44,88,88,3,3,21/11/2026 14:00,Cancelado,Inapto,Inaptidão clínica e tatuagem,21/11/2027,10/11/2026 13:36
89,Laura Beatriz Tavares,43,F,78,AB+,não,75,não,não,Inapto,Inaptidão clínica e intervalo,23/12/2026,10000000089,15/07/1983,(00) 90000-0089,paciente089@exemplo.com,"Rua dos Ipês, 979 - Centro",89,Omint,809012345678901,Hemocentro Municipal,10000000000004,"Avenida das Palmeiras, 442 - Vila Nova",08:00 às 18:00,(44) 3000-0004,4,145,4,AB+,18,Crítico,desconto na compra 30%,4,AB+,55,38,89,89,4,4,23/11/2026 10:30,Cancelado,Inapto,Inaptidão clínica e intervalo,23/12/2026,11/11/2026 09:03
90,Benjamin Augusto Nunes,17,M,63,O-,não,20,não,não,Inapto,Inaptidão clínica e intervalo,03/01/2027,10000000090,15/07/2009,(00) 90000-0090,paciente090@exemplo.com,"Rua das Flores, 990 - Jardim Aurora",90,MedSênior,910123456789012,Hemocentro Estadual,10000000000005,"Rua São Paulo, 518 - Centro",07:00 às 17:00,(44) 3000-0005,5,158,5,O-,10,Crítico,desconto na compra 20%,5,B+,65,40,90,90,5,5,24/11/2026 13:00,Cancelado,Inapto,Inaptidão clínica e intervalo,03/01/2027,11/11/2026 10:30
91,Esther Vitória Peixoto,28,F,59,A+,sim,-,sim,não,Apto,-,23/02/2027,10000000091,15/07/1998,(00) 90000-0091,paciente091@exemplo.com,"Avenida Central, 1001 - Vila Nova",91,Unimed,122345678901234,Hemocentro Central,10000000000001,"Rua das Acácias, 101 - Centro",07:00 às 18:00,(44) 3000-0001,1,111,1,A+,42,Normal,ingresso garantido (paga meia),1,O-,80,52,91,91,1,1,25/11/2026 09:00,Agendado,Apto,-,23/02/2027,11/11/2026 05:27
92,Felipe Gabriel Rezende,67,M,67,O-,não,48,sim,não,Inapto,Intervalo insuficiente,08/12/2026,10000000092,15/07/1959,(00) 90000-0092,paciente092@exemplo.com,"Rua Bela Vista, 1012 - Jardim Primavera",92,Amil,233456789012345,Hemocentro Regional Norte,10000000000002,"Avenida Brasil, 215 - Centro",08:00 às 17:00,(44) 3000-0002,2,128,2,O-,21,Atenção,desconto na compra 10%,2,O+,70,61,92,92,2,2,26/11/2026 15:00,Cancelado,Inapto,Intervalo insuficiente,08/12/2026,11/11/2026 10:24
93,Ana Luiza Siqueira,56,F,65,AB-,sim,-,sim,não,Apto,-,25/02/2027,10000000093,15/07/1970,(00) 90000-0093,paciente093@exemplo.com,"Rua das Acácias, 1023 - Centro",93,Bradesco Saúde,344567890123456,Hemocentro Regional Sul,10000000000003,"Rua Paraná, 330 - Jardim América",07:30 às 18:00,(44) 3000-0003,3,136,3,AB-,8,Crítico,desconto seguro de vida,3,A+,60,44,93,93,3,3,27/11/2026 08:30,Agendado,Apto,-,25/02/2027,11/11/2026 02:51
94,Carlos Eduardo Borges,34,M,57,A+,sim,-,sim,não,Apto,-,27/01/2027,10000000094,15/07/1992,(00) 90000-0094,paciente094@exemplo.com,"Rua do Sol, 1034 - Jardim América",94,SulAmérica,455678901234567,Hemocentro Municipal,10000000000004,"Avenida das Palmeiras, 442 - Vila Nova",08:00 às 18:00,(44) 3000-0004,4,141,4,A+,33,Atenção,desconto na compra 30%,4,AB+,55,38,94,94,4,4,28/11/2026 11:30,Agendado,Apto,-,27/01/2027,11/11/2026 04:48
95,Rebeca Fernanda Andrade,21,F,63,A-,sim,-,não,sim,Inapto,Inaptidão clínica e tatuagem,30/11/2027,10000000095,15/07/2005,(00) 90000-0095,paciente095@exemplo.com,"Avenida Modelo, 1045 - Vila Esperança",95,NotreDame Intermédica,566789012345678,Hemocentro Estadual,10000000000005,"Rua São Paulo, 518 - Centro",07:00 às 17:00,(44) 3000-0005,5,152,5,A-,14,Crítico,desconto na compra 20%,5,B+,65,40,95,95,5,5,30/11/2026 14:30,Cancelado,Inapto,Inaptidão clínica e tatuagem,30/11/2027,12/11/2026 06:45
96,Miguel Lucas Vieira,65,M,56,O-,não,70,não,não,Inapto,Inaptidão clínica,31/12/2026,10000000096,15/07/1961,(00) 90000-0096,paciente096@exemplo.com,"Rua Projetada, 1056 - Jardim Europa",96,Hapvida,677890123456789,Hemocentro Municipal,10000000000004,"Avenida das Palmeiras, 442 - Vila Nova",08:00 às 18:00,(44) 3000-0004,4,148,4,O-,16,Crítico,desconto na compra 30%,4,AB+,55,38,96,96,4,4,01/12/2026 09:30,Cancelado,Inapto,Inaptidão clínica,31/12/2026,12/11/2026 08:42
97,Júlia Vitória Melo,18,F,50,A+,não,100,sim,não,Apto,-,01/03/2027,10000000097,15/07/2008,(00) 90000-0097,paciente097@exemplo.com,"Rua do Lago, 1067 - Centro",97,Porto Seguro Saúde,788901234567890,Hemocentro Municipal,10000000000004,"Avenida das Palmeiras, 442 - Vila Nova",08:00 às 18:00,(44) 3000-0004,4,141,4,A+,33,Atenção,desconto na compra 30%,4,AB+,55,38,97,97,4,4,01/12/2026 09:30,Agendado,Apto,-,01/03/2027,11/11/2026 07:39
98,Henrique Gabriel Pinto,17,M,62,AB+,sim,-,não,sim,Inapto,Inaptidão clínica e tatuagem,01/12/2027,10000000098,15/07/2009,(00) 90000-0098,paciente098@exemplo.com,"Rua das Estrelas, 1078 - Jardim Aurora",98,Hapvida,899012345678901,Hemocentro Municipal,10000000000004,"Avenida das Palmeiras, 442 - Vila Nova",08:00 às 18:00,(44) 3000-0004,4,145,4,AB+,18,Crítico,desconto na compra 30%,4,AB+,55,38,98,98,4,4,01/12/2026 09:30,Cancelado,Inapto,Inaptidão clínica e tatuagem,01/12/2027,24/11/2026 06:36
